"","date","state","positive","negative","pending","hospitalized","death","total","dateChecked","totalTestResults","deathIncrease","hospitalizedIncrease","negativeIncrease","positiveIncrease","totalTestResultsIncrease"
"1",20200325,"AK",42,1649,NA,1,1,1691,"2020-03-25T20:00:00Z",1691,1,1,663,6,669
"2",20200325,"AL",283,2529,NA,NA,0,2812,"2020-03-25T20:00:00Z",2812,0,0,423,68,491
"3",20200325,"AR",280,1437,0,22,2,1717,"2020-03-25T20:00:00Z",1717,2,0,490,62,552
"4",20200325,"AS",0,NA,NA,NA,0,0,"2020-03-25T20:00:00Z",0,0,0,0,0,0
"5",20200325,"AZ",450,323,53,8,6,826,"2020-03-25T20:00:00Z",773,1,0,10,93,103
"6",20200325,"CA",2102,13452,12100,NA,40,27654,"2020-03-25T20:00:00Z",15554,0,0,0,0,0
"7",20200325,"CO",912,6789,NA,84,11,7701,"2020-03-25T20:00:00Z",7701,4,12,1285,192,1477
"8",20200325,"CT",875,5023,NA,113,19,5898,"2020-03-25T20:00:00Z",5898,7,42,341,257,598
"9",20200325,"DC",183,1423,3,NA,2,1609,"2020-03-25T20:00:00Z",1606,0,0,228,46,274
"10",20200325,"DE",115,36,NA,11,0,151,"2020-03-25T20:00:00Z",151,0,11,0,24,24
"11",20200325,"FL",1682,15374,1233,316,22,18289,"2020-03-25T20:00:00Z",17056,4,57,2247,270,2517
"12",20200325,"GA",1247,4932,NA,394,40,6179,"2020-03-25T20:00:00Z",6179,8,394,474,221,695
"13",20200325,"GU",37,233,NA,10,1,270,"2020-03-25T20:00:00Z",270,0,5,32,5,37
"14",20200325,"HI",90,4357,NA,6,1,4447,"2020-03-25T20:00:00Z",4447,0,2,768,13,781
"15",20200325,"IA",145,2578,NA,36,1,2723,"2020-03-25T20:00:00Z",2723,1,9,263,21,284
"16",20200325,"ID",73,1887,NA,NA,0,1960,"2020-03-25T20:00:00Z",1960,0,0,0,23,23
"17",20200325,"IL",1865,12344,NA,NA,19,14209,"2020-03-25T20:00:00Z",14209,3,0,2410,314,2724
"18",20200325,"IN",477,2879,NA,1,14,3356,"2020-03-25T20:00:00Z",3356,2,0,313,112,425
"19",20200325,"KS",126,2360,NA,NA,3,2486,"2020-03-25T20:00:00Z",2486,1,0,274,28,302
"20",20200325,"KY",157,2865,NA,NA,4,3022,"2020-03-25T20:00:00Z",3022,0,0,1123,33,1156
"21",20200325,"LA",1795,9656,NA,491,65,11451,"2020-03-25T20:00:00Z",11451,19,220,2441,407,2848
"22",20200325,"MA",1838,17956,NA,103,15,19794,"2020-03-25T20:00:00Z",19794,4,9,5366,679,6045
"23",20200325,"MD",423,94,NA,NA,4,517,"2020-03-25T20:00:00Z",517,1,0,0,74,74
"24",20200325,"ME",149,3177,NA,NA,NA,3326,"2020-03-25T20:00:00Z",3326,0,0,163,24,187
"25",20200325,"MI",2294,2069,NA,NA,43,4363,"2020-03-25T20:00:00Z",4363,19,0,0,503,503
"26",20200325,"MN",287,11188,NA,35,1,11475,"2020-03-25T20:00:00Z",11475,0,14,5638,25,5663
"27",20200325,"MO",356,369,NA,NA,8,725,"2020-03-25T20:00:00Z",725,5,0,0,173,173
"28",20200325,"MP",0,NA,NA,NA,0,0,"2020-03-25T20:00:00Z",0,0,0,0,0,0
"29",20200325,"MS",377,1566,NA,117,2,1943,"2020-03-25T20:00:00Z",1943,1,31,14,57,71
"30",20200325,"MT",53,1948,NA,NA,NA,2001,"2020-03-25T20:00:00Z",2001,0,0,305,7,312
"31",20200325,"NC",504,9985,NA,29,1,10489,"2020-03-25T20:00:00Z",10489,1,29,1844,106,1950
"32",20200325,"ND",39,1734,NA,8,0,1773,"2020-03-25T20:00:00Z",1773,0,3,280,5,285
"33",20200325,"NE",61,1304,NA,NA,0,1365,"2020-03-25T20:00:00Z",1365,0,0,329,9,338
"34",20200325,"NH",108,2356,804,13,1,3268,"2020-03-25T20:00:00Z",2464,0,2,909,7,916
"35",20200325,"NJ",4402,10452,NA,NA,62,14854,"2020-03-25T20:00:00Z",14854,18,0,2127,727,2854
"36",20200325,"NM",100,6742,NA,NA,1,6842,"2020-03-25T20:00:00Z",6842,1,0,852,17,869
"37",20200325,"NV",321,4251,0,NA,6,4572,"2020-03-25T20:00:00Z",4572,2,0,297,43,340
"38",20200325,"NY",30811,72668,NA,3805,285,103479,"2020-03-25T20:00:00Z",103479,75,571,7063,5146,12209
"39",20200325,"OH",704,14060,NA,182,10,14764,"2020-03-25T20:00:00Z",14764,2,37,13920,140,14060
"40",20200325,"OK",164,805,NA,59,5,969,"2020-03-25T20:00:00Z",969,2,34,70,58,128
"41",20200325,"OR",209,4350,NA,61,8,4559,"2020-03-25T20:00:00Z",4559,0,0,0,0,0
"42",20200325,"PA",1127,11193,NA,NA,11,12320,"2020-03-25T20:00:00Z",12320,4,0,2550,276,2826
"43",20200325,"PR",51,317,70,NA,2,438,"2020-03-25T20:00:00Z",368,0,0,49,12,61
"44",20200325,"RI",124,1143,196,16,NA,1463,"2020-03-25T20:00:00Z",1267,0,16,23,18,41
"45",20200325,"SC",424,2303,NA,102,7,2727,"2020-03-25T20:00:00Z",2727,2,102,291,126,417
"46",20200325,"SD",41,819,268,NA,1,1128,"2020-03-25T20:00:00Z",860,0,0,29,11,40
"47",20200325,"TN",784,11012,NA,53,3,11796,"2020-03-25T20:00:00Z",11796,1,53,495,117,612
"48",20200325,"TX",974,12520,NA,NA,12,13494,"2020-03-25T20:00:00Z",13494,3,0,1763,564,2327
"49",20200325,"UT",346,6491,NA,NA,1,6837,"2020-03-25T20:00:00Z",6837,0,0,967,47,1014
"50",20200325,"VA",391,4979,NA,59,9,5370,"2020-03-25T20:00:00Z",5370,2,14,799,101,900
"51",20200325,"VI",17,55,2,NA,0,74,"2020-03-25T20:00:00Z",72,0,0,55,0,55
"52",20200325,"VT",123,1589,NA,NA,8,1712,"2020-03-25T20:00:00Z",1712,1,0,149,28,177
"53",20200325,"WA",2469,31712,NA,NA,123,34181,"2020-03-25T20:00:00Z",34181,13,0,0,248,248
"54",20200325,"WI",585,10089,NA,NA,7,10674,"2020-03-25T20:00:00Z",10674,2,0,1852,128,1980
"55",20200325,"WV",39,759,6,1,0,804,"2020-03-25T20:00:00Z",798,0,0,149,19,168
"56",20200325,"WY",44,954,NA,NA,NA,998,"2020-03-25T20:00:00Z",998,0,0,244,15,259
"57",20200324,"AK",36,986,NA,0,NA,1022,"2020-03-24T20:00:00Z",1022,0,0,40,14,54
"58",20200324,"AL",215,2106,NA,NA,0,2321,"2020-03-24T20:00:00Z",2321,0,0,441,48,489
"59",20200324,"AR",218,947,0,22,0,1165,"2020-03-24T20:00:00Z",1165,0,9,41,44,85
"60",20200324,"AS",0,NA,NA,NA,0,0,"2020-03-24T20:00:00Z",0,0,0,0,0,0
"61",20200324,"AZ",357,313,22,8,5,692,"2020-03-24T20:00:00Z",670,3,8,4,92,96
"62",20200324,"CA",2102,13452,12100,NA,40,27654,"2020-03-24T20:00:00Z",15554,13,0,885,369,1254
"63",20200324,"CO",720,5504,NA,72,7,6224,"2020-03-24T20:00:00Z",6224,1,14,659,129,788
"64",20200324,"CT",618,4682,NA,71,12,5300,"2020-03-24T20:00:00Z",5300,2,17,597,203,800
"65",20200324,"DC",137,1195,2,NA,2,1334,"2020-03-24T20:00:00Z",1332,0,0,82,21,103
"66",20200324,"DE",91,36,NA,0,0,127,"2020-03-24T20:00:00Z",127,0,0,0,23,23
"67",20200324,"FL",1412,13127,1008,259,18,15547,"2020-03-24T20:00:00Z",14539,4,42,2064,241,2305
"68",20200324,"GA",1026,4458,NA,NA,32,5484,"2020-03-24T20:00:00Z",5484,7,0,161,254,415
"69",20200324,"GU",32,201,NA,5,1,233,"2020-03-24T20:00:00Z",233,0,5,40,3,43
"70",20200324,"HI",77,3589,NA,4,1,3666,"2020-03-24T20:00:00Z",3666,1,4,634,21,655
"71",20200324,"IA",124,2315,NA,27,NA,2439,"2020-03-24T20:00:00Z",2439,0,27,272,19,291
"72",20200324,"ID",50,1887,NA,NA,0,1937,"2020-03-24T20:00:00Z",1937,0,0,578,3,581
"73",20200324,"IL",1551,9934,NA,NA,16,11485,"2020-03-24T20:00:00Z",11485,4,0,1351,266,1617
"74",20200324,"IN",365,2566,NA,1,12,2931,"2020-03-24T20:00:00Z",2931,5,0,865,106,971
"75",20200324,"KS",98,2086,NA,NA,2,2184,"2020-03-24T20:00:00Z",2184,0,0,1669,16,1685
"76",20200324,"KY",124,1742,NA,NA,4,1866,"2020-03-24T20:00:00Z",1866,1,0,-20,20,0
"77",20200324,"LA",1388,7215,NA,271,46,8603,"2020-03-24T20:00:00Z",8603,12,271,2439,216,2655
"78",20200324,"MA",1159,12590,NA,94,11,13749,"2020-03-24T20:00:00Z",13749,2,15,4445,382,4827
"79",20200324,"MD",349,94,NA,NA,3,443,"2020-03-24T20:00:00Z",443,0,0,0,61,61
"80",20200324,"ME",125,3014,NA,NA,NA,3139,"2020-03-24T20:00:00Z",3139,0,0,223,18,241
"81",20200324,"MI",1791,2069,NA,NA,24,3860,"2020-03-24T20:00:00Z",3860,9,0,0,463,463
"82",20200324,"MN",262,5550,NA,21,1,5812,"2020-03-24T20:00:00Z",5812,0,4,1039,27,1066
"83",20200324,"MO",183,369,NA,NA,3,552,"2020-03-24T20:00:00Z",552,0,0,0,0,0
"84",20200324,"MP",0,NA,NA,NA,0,0,"2020-03-24T20:00:00Z",0,0,0,0,0,0
"85",20200324,"MS",320,1552,NA,86,1,1872,"2020-03-24T20:00:00Z",1872,0,53,409,71,480
"86",20200324,"MT",46,1643,NA,NA,NA,1689,"2020-03-24T20:00:00Z",1689,0,0,497,12,509
"87",20200324,"NC",398,8141,NA,NA,0,8539,"2020-03-24T20:00:00Z",8539,0,0,0,101,101
"88",20200324,"ND",34,1454,NA,5,0,1488,"2020-03-24T20:00:00Z",1488,0,1,101,4,105
"89",20200324,"NE",52,975,NA,NA,0,1027,"2020-03-24T20:00:00Z",1027,0,0,619,2,621
"90",20200324,"NH",101,1447,869,11,1,2417,"2020-03-24T20:00:00Z",1548,1,11,73,23,96
"91",20200324,"NJ",3675,8325,45,NA,44,12045,"2020-03-24T20:00:00Z",12000,17,0,7966,831,8797
"92",20200324,"NM",83,5890,NA,NA,NA,5973,"2020-03-24T20:00:00Z",5973,0,0,569,18,587
"93",20200324,"NV",278,3954,0,NA,4,4232,"2020-03-24T20:00:00Z",4232,0,0,464,33,497
"94",20200324,"NY",25665,65605,NA,3234,210,91270,"2020-03-24T20:00:00Z",91270,96,599,8191,4790,12981
"95",20200324,"OH",564,140,NA,145,8,704,"2020-03-24T20:00:00Z",704,2,41,0,122,122
"96",20200324,"OK",106,735,NA,25,3,841,"2020-03-24T20:00:00Z",841,1,10,41,25,66
"97",20200324,"OR",209,4350,NA,61,8,4559,"2020-03-24T20:00:00Z",4559,3,5,701,18,719
"98",20200324,"PA",851,8643,NA,NA,7,9494,"2020-03-24T20:00:00Z",9494,1,0,2048,207,2255
"99",20200324,"PR",39,268,42,NA,2,349,"2020-03-24T20:00:00Z",307,0,0,79,8,87
"100",20200324,"RI",106,1120,77,NA,NA,1303,"2020-03-24T20:00:00Z",1226,0,0,188,0,188
"101",20200324,"SC",298,2012,NA,NA,5,2310,"2020-03-24T20:00:00Z",2310,0,0,546,-1,545
"102",20200324,"SD",30,790,268,NA,1,1088,"2020-03-24T20:00:00Z",820,0,0,28,2,30
"103",20200324,"TN",667,10517,NA,NA,2,11184,"2020-03-24T20:00:00Z",11184,0,0,7245,52,7297
"104",20200324,"TX",410,10757,NA,NA,9,11167,"2020-03-24T20:00:00Z",11167,1,0,1054,58,1112
"105",20200324,"UT",299,5524,NA,NA,1,5823,"2020-03-24T20:00:00Z",5823,0,0,734,42,776
"106",20200324,"VA",290,4180,NA,45,7,4470,"2020-03-24T20:00:00Z",4470,1,7,737,36,773
"107",20200324,"VI",17,NA,NA,NA,0,17,"2020-03-24T20:00:00Z",17,0,0,0,0,0
"108",20200324,"VT",95,1440,NA,NA,7,1535,"2020-03-24T20:00:00Z",1535,2,0,334,20,354
"109",20200324,"WA",2221,31712,NA,NA,110,33933,"2020-03-24T20:00:00Z",33933,15,0,2833,225,3058
"110",20200324,"WI",457,8237,NA,NA,5,8694,"2020-03-24T20:00:00Z",8694,0,0,1187,41,1228
"111",20200324,"WV",20,610,0,1,0,630,"2020-03-24T20:00:00Z",630,0,0,166,4,170
"112",20200324,"WY",29,710,NA,NA,NA,739,"2020-03-24T20:00:00Z",739,0,0,118,3,121
"113",20200323,"AK",22,946,NA,0,NA,968,"2020-03-23T20:00:00Z",968,0,0,0,0,0
"114",20200323,"AL",167,1665,NA,NA,0,1832,"2020-03-23T20:00:00Z",1832,0,0,201,29,230
"115",20200323,"AR",174,906,0,13,0,1080,"2020-03-23T20:00:00Z",1080,0,0,195,9,204
"116",20200323,"AS",NA,NA,NA,NA,0,0,"2020-03-23T20:00:00Z",0,0,0,0,0,0
"117",20200323,"AZ",265,309,6,NA,2,580,"2020-03-23T20:00:00Z",574,0,0,27,113,140
"118",20200323,"CA",1733,12567,12100,NA,27,26400,"2020-03-23T20:00:00Z",14300,0,0,1263,197,1460
"119",20200323,"CO",591,4845,NA,58,6,5436,"2020-03-23T20:00:00Z",5436,1,9,770,116,886
"120",20200323,"CT",415,4085,NA,54,10,4500,"2020-03-23T20:00:00Z",4500,5,11,1208,192,1400
"121",20200323,"DC",116,1113,NA,NA,2,1229,"2020-03-23T20:00:00Z",1229,1,0,156,18,174
"122",20200323,"DE",68,36,NA,0,0,104,"2020-03-23T20:00:00Z",104,0,0,0,12,12
"123",20200323,"FL",1171,11063,860,217,14,13094,"2020-03-23T20:00:00Z",12234,1,32,3073,341,3414
"124",20200323,"GA",772,4297,NA,NA,25,5069,"2020-03-23T20:00:00Z",5069,2,0,877,172,1049
"125",20200323,"GU",29,161,NA,NA,1,190,"2020-03-23T20:00:00Z",190,0,0,35,2,37
"126",20200323,"HI",56,2955,NA,NA,NA,3011,"2020-03-23T20:00:00Z",3011,0,0,2692,8,2700
"127",20200323,"IA",105,2043,NA,NA,NA,2148,"2020-03-23T20:00:00Z",2148,0,0,828,15,843
"128",20200323,"ID",47,1309,NA,NA,0,1356,"2020-03-23T20:00:00Z",1356,0,0,134,5,139
"129",20200323,"IL",1285,8583,NA,NA,12,9868,"2020-03-23T20:00:00Z",9868,3,0,1312,227,1539
"130",20200323,"IN",259,1701,NA,1,7,1960,"2020-03-23T20:00:00Z",1960,1,0,408,58,466
"131",20200323,"KS",82,417,NA,NA,2,499,"2020-03-23T20:00:00Z",499,0,0,0,18,18
"132",20200323,"KY",104,1762,NA,NA,3,1866,"2020-03-23T20:00:00Z",1866,0,0,290,5,295
"133",20200323,"LA",1172,4776,NA,NA,34,5948,"2020-03-23T20:00:00Z",5948,14,0,2115,335,2450
"134",20200323,"MA",777,8145,NA,79,9,8922,"2020-03-23T20:00:00Z",8922,4,8,2686,131,2817
"135",20200323,"MD",288,94,NA,NA,3,382,"2020-03-23T20:00:00Z",382,0,0,0,44,44
"136",20200323,"ME",107,2791,NA,NA,NA,2898,"2020-03-23T20:00:00Z",2898,0,0,527,18,545
"137",20200323,"MI",1328,2069,NA,NA,15,3397,"2020-03-23T20:00:00Z",3397,7,0,0,293,293
"138",20200323,"MN",235,4511,NA,17,1,4746,"2020-03-23T20:00:00Z",4746,0,5,0,66,66
"139",20200323,"MO",183,369,NA,NA,3,552,"2020-03-23T20:00:00Z",552,0,0,0,93,93
"140",20200323,"MP",0,NA,NA,NA,0,0,"2020-03-23T20:00:00Z",0,0,0,0,0,0
"141",20200323,"MS",249,1143,NA,33,1,1392,"2020-03-23T20:00:00Z",1392,0,0,29,42,71
"142",20200323,"MT",34,1146,NA,NA,NA,1180,"2020-03-23T20:00:00Z",1180,0,0,0,3,3
"143",20200323,"NC",297,8141,NA,NA,0,8438,"2020-03-23T20:00:00Z",8438,0,0,1958,42,2000
"144",20200323,"ND",30,1353,NA,4,0,1383,"2020-03-23T20:00:00Z",1383,0,1,93,2,95
"145",20200323,"NE",50,356,NA,NA,0,406,"2020-03-23T20:00:00Z",406,0,0,0,2,2
"146",20200323,"NH",78,1374,889,NA,NA,2341,"2020-03-23T20:00:00Z",1452,0,0,186,13,199
"147",20200323,"NJ",2844,359,94,NA,27,3297,"2020-03-23T20:00:00Z",3203,7,0,32,930,962
"148",20200323,"NM",65,5321,NA,NA,NA,5386,"2020-03-23T20:00:00Z",5386,0,0,599,8,607
"149",20200323,"NV",245,3490,0,NA,4,3735,"2020-03-23T20:00:00Z",3735,2,0,1042,55,1097
"150",20200323,"NY",20875,57414,NA,2635,114,78289,"2020-03-23T20:00:00Z",78289,0,661,11181,5707,16888
"151",20200323,"OH",442,140,NA,104,6,582,"2020-03-23T20:00:00Z",582,3,21,0,91,91
"152",20200323,"OK",81,694,102,15,2,877,"2020-03-23T20:00:00Z",775,0,4,25,14,39
"153",20200323,"OR",191,3649,NA,56,5,3840,"2020-03-23T20:00:00Z",3840,1,13,785,30,815
"154",20200323,"PA",644,6595,NA,NA,6,7239,"2020-03-23T20:00:00Z",7239,4,0,1631,165,1796
"155",20200323,"PR",31,189,35,NA,2,255,"2020-03-23T20:00:00Z",220,2,0,6,8,14
"156",20200323,"RI",106,932,216,NA,NA,1254,"2020-03-23T20:00:00Z",1038,0,0,0,23,23
"157",20200323,"SC",299,1466,NA,NA,5,1765,"2020-03-23T20:00:00Z",1765,2,0,0,104,104
"158",20200323,"SD",28,762,265,NA,1,1055,"2020-03-23T20:00:00Z",790,0,0,22,7,29
"159",20200323,"TN",615,3272,NA,NA,2,3887,"2020-03-23T20:00:00Z",3887,2,0,0,110,110
"160",20200323,"TX",352,9703,NA,NA,8,10055,"2020-03-23T20:00:00Z",10055,3,0,1281,18,1299
"161",20200323,"UT",257,4790,NA,NA,1,5047,"2020-03-23T20:00:00Z",5047,0,0,1282,76,1358
"162",20200323,"VA",254,3443,NA,38,6,3697,"2020-03-23T20:00:00Z",3697,3,6,325,35,360
"163",20200323,"VI",17,NA,NA,NA,0,17,"2020-03-23T20:00:00Z",17,0,0,0,11,11
"164",20200323,"VT",75,1106,NA,NA,5,1181,"2020-03-23T20:00:00Z",1181,3,0,0,23,23
"165",20200323,"WA",1996,28879,NA,NA,95,30875,"2020-03-23T20:00:00Z",30875,1,0,3551,203,3754
"166",20200323,"WI",416,7050,NA,NA,5,7466,"2020-03-23T20:00:00Z",7466,1,0,820,31,851
"167",20200323,"WV",16,444,4,1,0,464,"2020-03-23T20:00:00Z",460,0,0,59,4,63
"168",20200323,"WY",26,592,NA,NA,NA,618,"2020-03-23T20:00:00Z",618,0,0,154,2,156
"169",20200322,"AK",22,946,NA,0,NA,968,"2020-03-22T20:00:00Z",968,0,0,188,8,196
"170",20200322,"AL",138,1464,NA,NA,0,1602,"2020-03-22T20:00:00Z",1602,0,0,1436,14,1450
"171",20200322,"AR",165,711,119,13,0,995,"2020-03-22T20:00:00Z",876,0,13,144,47,191
"172",20200322,"AS",NA,NA,NA,NA,0,0,"2020-03-22T20:00:00Z",0,0,0,0,0,0
"173",20200322,"AZ",152,282,87,NA,2,521,"2020-03-22T20:00:00Z",434,1,0,42,48,90
"174",20200322,"CA",1536,11304,NA,NA,27,12840,"2020-03-22T20:00:00Z",12840,3,0,55,257,312
"175",20200322,"CO",475,4075,NA,49,5,4550,"2020-03-22T20:00:00Z",4550,1,5,758,112,870
"176",20200322,"CT",223,2877,NA,43,5,3100,"2020-03-22T20:00:00Z",3100,1,43,771,29,800
"177",20200322,"DC",98,957,NA,NA,1,1055,"2020-03-22T20:00:00Z",1055,0,0,451,21,472
"178",20200322,"DE",56,36,NA,NA,0,92,"2020-03-22T20:00:00Z",92,0,0,0,11,11
"179",20200322,"FL",830,7990,963,185,13,9783,"2020-03-22T20:00:00Z",8820,1,27,1411,172,1583
"180",20200322,"GA",600,3420,NA,NA,23,4020,"2020-03-22T20:00:00Z",4020,9,0,863,93,956
"181",20200322,"GU",27,126,NA,NA,1,153,"2020-03-22T20:00:00Z",153,1,0,18,12,30
"182",20200322,"HI",48,263,NA,NA,NA,311,"2020-03-22T20:00:00Z",311,0,0,139,11,150
"183",20200322,"IA",90,1215,NA,NA,NA,1305,"2020-03-22T20:00:00Z",1305,0,0,166,22,188
"184",20200322,"ID",42,1175,NA,NA,0,1217,"2020-03-22T20:00:00Z",1217,0,0,295,11,306
"185",20200322,"IL",1058,7271,NA,NA,9,8329,"2020-03-22T20:00:00Z",8329,3,0,1783,299,2082
"186",20200322,"IN",201,1293,NA,1,6,1494,"2020-03-22T20:00:00Z",1494,2,0,586,75,661
"187",20200322,"KS",64,417,NA,NA,2,481,"2020-03-22T20:00:00Z",481,0,0,0,9,9
"188",20200322,"KY",99,1472,NA,NA,3,1571,"2020-03-22T20:00:00Z",1571,1,0,758,45,803
"189",20200322,"LA",837,2661,NA,NA,20,3498,"2020-03-22T20:00:00Z",3498,4,0,481,252,733
"190",20200322,"MA",646,5459,NA,71,5,6105,"2020-03-22T20:00:00Z",6105,4,10,707,121,828
"191",20200322,"MD",244,94,NA,NA,3,338,"2020-03-22T20:00:00Z",338,1,0,0,54,54
"192",20200322,"ME",89,2264,NA,NA,NA,2353,"2020-03-22T20:00:00Z",2353,0,0,0,16,16
"193",20200322,"MI",1035,2069,NA,NA,8,3104,"2020-03-22T20:00:00Z",3104,3,0,0,248,248
"194",20200322,"MN",169,4511,NA,12,1,4680,"2020-03-22T20:00:00Z",4680,0,12,559,31,590
"195",20200322,"MO",90,369,NA,NA,3,459,"2020-03-22T20:00:00Z",459,0,0,0,17,17
"196",20200322,"MP",0,NA,NA,NA,0,0,"2020-03-22T20:00:00Z",0,0,0,0,0,0
"197",20200322,"MS",207,1114,NA,33,1,1321,"2020-03-22T20:00:00Z",1321,0,33,419,67,486
"198",20200322,"MT",31,1146,NA,NA,NA,1177,"2020-03-22T20:00:00Z",1177,0,0,0,11,11
"199",20200322,"NC",255,6183,NA,NA,0,6438,"2020-03-22T20:00:00Z",6438,0,0,1091,71,1162
"200",20200322,"ND",28,1260,NA,3,0,1288,"2020-03-22T20:00:00Z",1288,0,0,119,0,119
"201",20200322,"NE",48,356,NA,NA,0,404,"2020-03-22T20:00:00Z",404,0,0,0,10,10
"202",20200322,"NH",65,1188,959,NA,NA,2212,"2020-03-22T20:00:00Z",1253,0,0,215,10,225
"203",20200322,"NJ",1914,327,49,NA,20,2290,"2020-03-22T20:00:00Z",2241,4,0,33,587,620
"204",20200322,"NM",57,4722,NA,NA,NA,4779,"2020-03-22T20:00:00Z",4779,0,0,951,0,951
"205",20200322,"NV",190,2448,NA,NA,2,2638,"2020-03-22T20:00:00Z",2638,0,0,64,66,130
"206",20200322,"NY",15168,46233,NA,1974,114,61401,"2020-03-22T20:00:00Z",61401,70,371,11152,4812,15964
"207",20200322,"OH",351,140,NA,83,3,491,"2020-03-22T20:00:00Z",491,0,25,0,104,104
"208",20200322,"OK",67,669,102,11,2,838,"2020-03-22T20:00:00Z",736,1,1,109,14,123
"209",20200322,"OR",161,2864,NA,43,4,3025,"2020-03-22T20:00:00Z",3025,1,43,861,47,908
"210",20200322,"PA",479,4964,NA,NA,2,5443,"2020-03-22T20:00:00Z",5443,0,0,1198,108,1306
"211",20200322,"PR",23,183,69,NA,NA,275,"2020-03-22T20:00:00Z",206,0,0,40,2,42
"212",20200322,"RI",83,932,216,NA,NA,1231,"2020-03-22T20:00:00Z",1015,0,0,70,17,87
"213",20200322,"SC",195,1466,NA,NA,3,1661,"2020-03-22T20:00:00Z",1661,2,0,211,43,254
"214",20200322,"SD",21,740,277,NA,1,1038,"2020-03-22T20:00:00Z",761,0,0,49,7,56
"215",20200322,"TN",505,3272,NA,NA,NA,3777,"2020-03-22T20:00:00Z",3777,0,0,0,134,134
"216",20200322,"TX",334,8422,NA,NA,5,8756,"2020-03-22T20:00:00Z",8756,0,0,2204,30,2234
"217",20200322,"UT",181,3508,NA,NA,1,3689,"2020-03-22T20:00:00Z",3689,1,0,1084,45,1129
"218",20200322,"VA",219,3118,NA,32,3,3337,"2020-03-22T20:00:00Z",3337,1,7,480,67,547
"219",20200322,"VI",6,NA,NA,NA,0,6,"2020-03-22T20:00:00Z",6,0,0,0,0,0
"220",20200322,"VT",52,1106,NA,NA,2,1158,"2020-03-22T20:00:00Z",1158,0,0,327,23,350
"221",20200322,"WA",1793,25328,NA,NA,94,27121,"2020-03-22T20:00:00Z",27121,11,0,3609,269,3878
"222",20200322,"WI",385,6230,NA,NA,4,6615,"2020-03-22T20:00:00Z",6615,0,0,1602,104,1706
"223",20200322,"WV",12,385,1,1,0,398,"2020-03-22T20:00:00Z",397,0,0,55,1,56
"224",20200322,"WY",24,438,NA,NA,NA,462,"2020-03-22T20:00:00Z",462,0,0,0,1,1
"225",20200321,"AK",14,758,NA,0,NA,772,"2020-03-21T20:00:00Z",772,0,0,72,2,74
"226",20200321,"AL",124,28,NA,NA,0,152,"2020-03-21T20:00:00Z",152,0,0,0,43,43
"227",20200321,"AR",118,567,154,NA,NA,839,"2020-03-21T20:00:00Z",685,0,0,216,22,238
"228",20200321,"AS",NA,NA,NA,NA,0,0,"2020-03-21T20:00:00Z",0,0,0,0,0,0
"229",20200321,"AZ",104,240,122,NA,1,466,"2020-03-21T20:00:00Z",344,1,0,29,39,68
"230",20200321,"CA",1279,11249,NA,NA,24,12528,"2020-03-21T20:00:00Z",12528,4,0,825,216,1041
"231",20200321,"CO",363,3317,NA,44,4,3680,"2020-03-21T20:00:00Z",3680,1,44,642,86,728
"232",20200321,"CT",194,2106,NA,NA,4,2300,"2020-03-21T20:00:00Z",2300,1,0,1502,0,1502
"233",20200321,"DC",77,506,0,NA,1,583,"2020-03-21T20:00:00Z",583,0,0,5,6,11
"234",20200321,"DE",45,36,NA,NA,0,81,"2020-03-21T20:00:00Z",81,0,0,0,7,7
"235",20200321,"FL",658,6579,1002,158,12,8239,"2020-03-21T20:00:00Z",7237,2,158,4709,138,4847
"236",20200321,"GA",507,2557,NA,NA,14,3064,"2020-03-21T20:00:00Z",3064,1,0,591,87,678
"237",20200321,"GU",15,108,NA,NA,NA,123,"2020-03-21T20:00:00Z",123,0,0,22,1,23
"238",20200321,"HI",37,124,9,NA,NA,170,"2020-03-21T20:00:00Z",161,0,0,0,11,11
"239",20200321,"IA",68,1049,NA,NA,NA,1117,"2020-03-21T20:00:00Z",1117,0,0,407,23,430
"240",20200321,"ID",31,880,NA,NA,NA,911,"2020-03-21T20:00:00Z",911,0,0,290,8,298
"241",20200321,"IL",759,5488,NA,NA,6,6247,"2020-03-21T20:00:00Z",6247,1,0,1792,169,1961
"242",20200321,"IN",126,707,NA,1,4,833,"2020-03-21T20:00:00Z",833,2,1,232,47,279
"243",20200321,"KS",55,417,NA,NA,2,472,"2020-03-21T20:00:00Z",472,1,0,0,11,11
"244",20200321,"KY",54,714,NA,NA,2,768,"2020-03-21T20:00:00Z",768,1,0,122,7,129
"245",20200321,"LA",585,2180,NA,NA,16,2765,"2020-03-21T20:00:00Z",2765,4,0,1612,106,1718
"246",20200321,"MA",525,4752,NA,61,1,5277,"2020-03-21T20:00:00Z",5277,0,61,1074,112,1186
"247",20200321,"MD",190,94,NA,NA,2,284,"2020-03-21T20:00:00Z",284,1,0,0,41,41
"248",20200321,"ME",73,2264,NA,NA,NA,2337,"2020-03-21T20:00:00Z",2337,0,0,0,16,16
"249",20200321,"MI",787,2069,NA,NA,5,2856,"2020-03-21T20:00:00Z",2856,2,0,0,238,238
"250",20200321,"MN",138,3952,NA,NA,1,4090,"2020-03-21T20:00:00Z",4090,1,0,211,23,234
"251",20200321,"MO",73,369,NA,NA,3,442,"2020-03-21T20:00:00Z",442,2,0,0,26,26
"252",20200321,"MP",0,NA,NA,NA,0,0,"2020-03-21T20:00:00Z",0,0,0,0,0,0
"253",20200321,"MS",140,695,NA,NA,1,835,"2020-03-21T20:00:00Z",835,0,0,0,60,60
"254",20200321,"MT",20,1146,NA,NA,NA,1166,"2020-03-21T20:00:00Z",1166,0,0,215,4,219
"255",20200321,"NC",184,5092,NA,NA,0,5276,"2020-03-21T20:00:00Z",5276,0,0,1996,47,2043
"256",20200321,"ND",28,1141,NA,3,0,1169,"2020-03-21T20:00:00Z",1169,0,3,341,8,349
"257",20200321,"NE",38,356,NA,NA,0,394,"2020-03-21T20:00:00Z",394,0,0,116,6,122
"258",20200321,"NH",55,973,942,NA,NA,1970,"2020-03-21T20:00:00Z",1028,0,0,228,11,239
"259",20200321,"NJ",1327,294,40,NA,16,1661,"2020-03-21T20:00:00Z",1621,5,0,30,437,467
"260",20200321,"NM",57,3771,NA,NA,NA,3828,"2020-03-21T20:00:00Z",3828,0,0,0,14,14
"261",20200321,"NV",124,2384,NA,NA,2,2508,"2020-03-21T20:00:00Z",2508,1,0,392,15,407
"262",20200321,"NY",10356,35081,NA,1603,44,45437,"2020-03-21T20:00:00Z",45437,9,1603,9756,3254,13010
"263",20200321,"OH",247,140,NA,58,3,387,"2020-03-21T20:00:00Z",387,2,58,0,78,78
"264",20200321,"OK",53,560,144,10,1,757,"2020-03-21T20:00:00Z",613,0,10,22,4,26
"265",20200321,"OR",114,2003,433,NA,3,2550,"2020-03-21T20:00:00Z",2117,0,0,0,0,0
"266",20200321,"PA",371,3766,NA,NA,2,4137,"2020-03-21T20:00:00Z",4137,1,0,1192,103,1295
"267",20200321,"PR",21,143,71,NA,NA,235,"2020-03-21T20:00:00Z",164,0,0,29,7,36
"268",20200321,"RI",66,862,290,NA,NA,1218,"2020-03-21T20:00:00Z",928,0,0,208,12,220
"269",20200321,"SC",152,1255,NA,NA,1,1407,"2020-03-21T20:00:00Z",1407,0,0,422,71,493
"270",20200321,"SD",14,691,268,NA,1,973,"2020-03-21T20:00:00Z",705,0,0,28,0,28
"271",20200321,"TN",371,3272,NA,NA,NA,3643,"2020-03-21T20:00:00Z",3643,0,0,2709,143,2852
"272",20200321,"TX",304,6218,NA,NA,5,6522,"2020-03-21T20:00:00Z",6522,0,0,1135,110,1245
"273",20200321,"UT",136,2424,NA,NA,0,2560,"2020-03-21T20:00:00Z",2560,0,0,389,24,413
"274",20200321,"VA",152,2638,NA,25,2,2790,"2020-03-21T20:00:00Z",2790,0,25,427,38,465
"275",20200321,"VI",6,NA,NA,NA,0,6,"2020-03-21T20:00:00Z",6,0,0,0,3,3
"276",20200321,"VT",29,779,NA,NA,2,808,"2020-03-21T20:00:00Z",808,0,0,0,0,0
"277",20200321,"WA",1524,21719,NA,NA,83,23243,"2020-03-21T20:00:00Z",23243,9,0,2383,148,2531
"278",20200321,"WI",281,4628,NA,NA,4,4909,"2020-03-21T20:00:00Z",4909,1,0,1173,75,1248
"279",20200321,"WV",11,330,2,1,0,343,"2020-03-21T20:00:00Z",341,0,1,111,4,115
"280",20200321,"WY",23,438,NA,NA,NA,461,"2020-03-21T20:00:00Z",461,0,0,107,4,111
"281",20200320,"AK",12,686,NA,NA,NA,698,"2020-03-20T20:00:00Z",698,0,0,286,6,292
"282",20200320,"AL",81,28,NA,NA,0,109,"2020-03-20T20:00:00Z",109,0,0,0,13,13
"283",20200320,"AR",96,351,203,NA,NA,650,"2020-03-20T20:00:00Z",447,0,0,41,50,91
"284",20200320,"AS",0,NA,NA,NA,0,0,"2020-03-20T20:00:00Z",0,0,0,0,0,0
"285",20200320,"AZ",65,211,101,NA,0,377,"2020-03-20T20:00:00Z",276,0,0,36,21,57
"286",20200320,"CA",1063,10424,NA,NA,20,11487,"2020-03-20T20:00:00Z",11487,2,0,1637,139,1776
"287",20200320,"CO",277,2675,NA,NA,3,2952,"2020-03-20T20:00:00Z",2952,1,0,563,61,624
"288",20200320,"CT",194,604,NA,NA,3,798,"2020-03-20T20:00:00Z",798,2,0,0,98,98
"289",20200320,"DC",71,501,1,NA,1,573,"2020-03-20T20:00:00Z",572,1,0,348,32,380
"290",20200320,"DE",38,36,NA,NA,0,74,"2020-03-20T20:00:00Z",74,0,0,0,8,8
"291",20200320,"FL",520,1870,1026,NA,10,3416,"2020-03-20T20:00:00Z",2390,2,0,337,130,467
"292",20200320,"GA",420,1966,NA,NA,13,2386,"2020-03-20T20:00:00Z",2386,3,0,422,133,555
"293",20200320,"GU",14,86,NA,NA,NA,100,"2020-03-20T20:00:00Z",100,0,0,17,2,19
"294",20200320,"HI",26,124,9,NA,NA,159,"2020-03-20T20:00:00Z",150,0,0,31,10,41
"295",20200320,"IA",45,642,NA,NA,NA,687,"2020-03-20T20:00:00Z",687,0,0,559,7,566
"296",20200320,"ID",23,590,NA,NA,NA,613,"2020-03-20T20:00:00Z",613,0,0,133,12,145
"297",20200320,"IL",590,3696,NA,NA,5,4286,"2020-03-20T20:00:00Z",4286,1,0,971,164,1135
"298",20200320,"IN",79,475,NA,NA,2,554,"2020-03-20T20:00:00Z",554,0,0,151,23,174
"299",20200320,"KS",44,417,NA,NA,1,461,"2020-03-20T20:00:00Z",461,0,0,0,10,10
"300",20200320,"KY",47,592,NA,NA,1,639,"2020-03-20T20:00:00Z",639,0,0,138,12,150
"301",20200320,"LA",479,568,NA,NA,12,1047,"2020-03-20T20:00:00Z",1047,4,0,110,132,242
"302",20200320,"MA",413,3678,NA,NA,1,4091,"2020-03-20T20:00:00Z",4091,1,0,874,85,959
"303",20200320,"MD",149,94,NA,NA,1,243,"2020-03-20T20:00:00Z",243,0,0,0,42,42
"304",20200320,"ME",57,2264,NA,NA,NA,2321,"2020-03-20T20:00:00Z",2321,0,0,260,4,264
"305",20200320,"MI",549,2069,NA,NA,3,2618,"2020-03-20T20:00:00Z",2618,0,0,-44,213,169
"306",20200320,"MN",115,3741,NA,NA,NA,3856,"2020-03-20T20:00:00Z",3856,0,0,792,26,818
"307",20200320,"MO",47,369,NA,NA,1,416,"2020-03-20T20:00:00Z",416,0,0,61,23,84
"308",20200320,"MP",0,NA,NA,NA,0,0,"2020-03-20T20:00:00Z",0,0,0,0,0,0
"309",20200320,"MS",80,695,NA,NA,1,775,"2020-03-20T20:00:00Z",775,1,0,143,30,173
"310",20200320,"MT",16,931,NA,NA,NA,947,"2020-03-20T20:00:00Z",947,0,0,170,4,174
"311",20200320,"NC",137,3096,NA,NA,0,3233,"2020-03-20T20:00:00Z",3233,0,0,688,40,728
"312",20200320,"ND",20,800,NA,NA,0,820,"2020-03-20T20:00:00Z",820,0,0,307,5,312
"313",20200320,"NE",32,240,NA,NA,0,272,"2020-03-20T20:00:00Z",272,0,0,0,5,5
"314",20200320,"NH",44,745,631,NA,NA,1420,"2020-03-20T20:00:00Z",789,0,0,124,5,129
"315",20200320,"NJ",890,264,86,NA,11,1240,"2020-03-20T20:00:00Z",1154,2,0,54,148,202
"316",20200320,"NM",43,3771,NA,NA,NA,3814,"2020-03-20T20:00:00Z",3814,0,0,1009,8,1017
"317",20200320,"NV",109,1992,-3,NA,1,2098,"2020-03-20T20:00:00Z",2101,0,0,366,14,380
"318",20200320,"NY",7102,25325,NA,NA,35,32427,"2020-03-20T20:00:00Z",32427,23,0,7193,2950,10143
"319",20200320,"OH",169,140,NA,NA,1,309,"2020-03-20T20:00:00Z",309,1,0,0,50,50
"320",20200320,"OK",49,538,374,NA,1,961,"2020-03-20T20:00:00Z",587,0,0,72,5,77
"321",20200320,"OR",114,2003,433,NA,3,2550,"2020-03-20T20:00:00Z",2117,0,0,674,26,700
"322",20200320,"PA",268,2574,NA,NA,1,2842,"2020-03-20T20:00:00Z",2842,0,0,966,83,1049
"323",20200320,"PR",14,114,52,NA,NA,180,"2020-03-20T20:00:00Z",128,0,0,58,9,67
"324",20200320,"RI",54,654,140,NA,NA,848,"2020-03-20T20:00:00Z",708,0,0,114,21,135
"325",20200320,"SC",81,833,NA,NA,1,914,"2020-03-20T20:00:00Z",914,0,0,250,21,271
"326",20200320,"SD",14,663,270,NA,1,947,"2020-03-20T20:00:00Z",677,0,0,112,3,115
"327",20200320,"TN",228,563,NA,NA,NA,791,"2020-03-20T20:00:00Z",791,0,0,214,74,288
"328",20200320,"TX",194,5083,NA,NA,5,5277,"2020-03-20T20:00:00Z",5277,2,0,2871,51,2922
"329",20200320,"UT",112,2035,NA,NA,0,2147,"2020-03-20T20:00:00Z",2147,0,0,587,34,621
"330",20200320,"VA",114,2211,NA,NA,2,2325,"2020-03-20T20:00:00Z",2325,0,0,382,20,402
"331",20200320,"VI",3,NA,NA,NA,0,3,"2020-03-20T20:00:00Z",3,0,0,0,0,0
"332",20200320,"VT",29,779,NA,NA,2,808,"2020-03-20T20:00:00Z",808,2,0,134,7,141
"333",20200320,"WA",1376,19336,NA,NA,74,20712,"2020-03-20T20:00:00Z",20712,8,0,3418,189,3607
"334",20200320,"WI",206,3455,NA,NA,3,3661,"2020-03-20T20:00:00Z",3661,3,0,1263,51,1314
"335",20200320,"WV",7,219,13,NA,0,239,"2020-03-20T20:00:00Z",226,0,0,76,5,81
"336",20200320,"WY",19,331,NA,NA,NA,350,"2020-03-20T20:00:00Z",350,0,0,60,1,61
"337",20200319,"AK",6,400,NA,NA,NA,406,"2020-03-19T20:00:00Z",406,0,0,-6,0,-6
"338",20200319,"AL",68,28,NA,NA,0,96,"2020-03-19T20:00:00Z",96,0,0,0,22,22
"339",20200319,"AR",46,310,113,NA,NA,469,"2020-03-19T20:00:00Z",356,0,0,74,13,87
"340",20200319,"AS",0,NA,NA,NA,0,0,"2020-03-19T20:00:00Z",0,0,0,0,0,0
"341",20200319,"AZ",44,175,130,NA,0,349,"2020-03-19T20:00:00Z",219,0,0,27,16,43
"342",20200319,"CA",924,8787,NA,NA,18,9711,"2020-03-19T20:00:00Z",9711,5,0,806,313,1119
"343",20200319,"CO",216,2112,NA,NA,2,2328,"2020-03-19T20:00:00Z",2328,0,0,495,33,528
"344",20200319,"CT",96,604,NA,NA,1,700,"2020-03-19T20:00:00Z",700,1,0,479,28,507
"345",20200319,"DC",39,153,11,NA,0,203,"2020-03-19T20:00:00Z",192,0,0,15,8,23
"346",20200319,"DE",30,36,NA,NA,0,66,"2020-03-19T20:00:00Z",66,0,0,0,5,5
"347",20200319,"FL",390,1533,1019,NA,8,2942,"2020-03-19T20:00:00Z",1923,1,0,308,76,384
"348",20200319,"GA",287,1544,NA,NA,10,1831,"2020-03-19T20:00:00Z",1831,9,0,233,90,323
"349",20200319,"GU",12,69,NA,NA,NA,81,"2020-03-19T20:00:00Z",81,0,0,12,4,16
"350",20200319,"HI",16,93,9,NA,NA,118,"2020-03-19T20:00:00Z",109,0,0,0,2,2
"351",20200319,"IA",38,83,NA,NA,NA,121,"2020-03-19T20:00:00Z",121,0,0,0,9,9
"352",20200319,"ID",11,457,NA,NA,NA,468,"2020-03-19T20:00:00Z",468,0,0,-2,2,0
"353",20200319,"IL",426,2725,NA,NA,4,3151,"2020-03-19T20:00:00Z",3151,3,0,962,137,1099
"354",20200319,"IN",56,324,NA,NA,2,380,"2020-03-19T20:00:00Z",380,0,0,170,17,187
"355",20200319,"KS",34,417,NA,NA,1,451,"2020-03-19T20:00:00Z",451,0,0,0,18,18
"356",20200319,"KY",35,454,NA,NA,1,489,"2020-03-19T20:00:00Z",489,0,0,100,9,109
"357",20200319,"LA",347,458,NA,NA,8,805,"2020-03-19T20:00:00Z",805,2,0,123,107,230
"358",20200319,"MA",328,2804,NA,NA,NA,3132,"2020-03-19T20:00:00Z",3132,0,0,789,72,861
"359",20200319,"MD",107,94,NA,NA,1,201,"2020-03-19T20:00:00Z",201,1,0,0,22,22
"360",20200319,"ME",53,2004,NA,NA,NA,2057,"2020-03-19T20:00:00Z",2057,0,0,334,10,344
"361",20200319,"MI",336,2113,NA,NA,3,2449,"2020-03-19T20:00:00Z",2449,3,0,1841,256,2097
"362",20200319,"MN",89,2949,NA,NA,NA,3038,"2020-03-19T20:00:00Z",3038,0,0,264,12,276
"363",20200319,"MO",24,308,NA,NA,1,332,"2020-03-19T20:00:00Z",332,1,0,55,11,66
"364",20200319,"MP",0,NA,NA,NA,0,0,"2020-03-19T20:00:00Z",0,0,0,0,0,0
"365",20200319,"MS",50,552,NA,NA,NA,602,"2020-03-19T20:00:00Z",602,0,0,73,16,89
"366",20200319,"MT",12,761,0,NA,NA,773,"2020-03-19T20:00:00Z",773,0,0,262,2,264
"367",20200319,"NC",97,2408,NA,NA,0,2505,"2020-03-19T20:00:00Z",2505,0,0,621,34,655
"368",20200319,"ND",15,493,NA,NA,0,508,"2020-03-19T20:00:00Z",508,0,0,225,9,234
"369",20200319,"NE",27,240,NA,NA,0,267,"2020-03-19T20:00:00Z",267,0,0,34,3,37
"370",20200319,"NH",39,621,231,NA,NA,891,"2020-03-19T20:00:00Z",660,0,0,108,13,121
"371",20200319,"NJ",742,210,74,NA,9,1026,"2020-03-19T20:00:00Z",952,4,0,20,315,335
"372",20200319,"NM",35,2762,NA,NA,NA,2797,"2020-03-19T20:00:00Z",2797,0,0,436,7,443
"373",20200319,"NV",95,1626,NA,NA,1,1721,"2020-03-19T20:00:00Z",1721,0,0,1458,40,1498
"374",20200319,"NY",4152,18132,NA,NA,12,22284,"2020-03-19T20:00:00Z",22284,0,0,5917,1770,7687
"375",20200319,"OH",119,140,NA,NA,NA,259,"2020-03-19T20:00:00Z",259,0,0,0,31,31
"376",20200319,"OK",44,466,250,NA,1,760,"2020-03-19T20:00:00Z",510,1,0,88,15,103
"377",20200319,"OR",88,1329,437,NA,3,1854,"2020-03-19T20:00:00Z",1417,0,0,211,13,224
"378",20200319,"PA",185,1608,NA,NA,1,1793,"2020-03-19T20:00:00Z",1793,1,0,421,52,473
"379",20200319,"PR",5,56,29,NA,NA,90,"2020-03-19T20:00:00Z",61,0,0,25,0,25
"380",20200319,"RI",33,540,334,NA,NA,907,"2020-03-19T20:00:00Z",573,0,0,0,0,0
"381",20200319,"SC",60,583,NA,NA,1,643,"2020-03-19T20:00:00Z",643,0,0,0,0,0
"382",20200319,"SD",11,551,385,NA,1,947,"2020-03-19T20:00:00Z",562,0,0,0,0,0
"383",20200319,"TN",154,349,NA,NA,NA,503,"2020-03-19T20:00:00Z",503,0,0,0,56,56
"384",20200319,"TX",143,2212,NA,NA,3,2355,"2020-03-19T20:00:00Z",2355,1,0,388,60,448
"385",20200319,"UT",78,1448,NA,NA,0,1526,"2020-03-19T20:00:00Z",1526,0,0,1317,15,1332
"386",20200319,"VA",94,1829,NA,NA,2,1923,"2020-03-19T20:00:00Z",1923,1,0,628,17,645
"387",20200319,"VI",3,NA,NA,NA,0,3,"2020-03-19T20:00:00Z",3,0,0,0,1,1
"388",20200319,"VT",22,645,NA,NA,NA,667,"2020-03-19T20:00:00Z",667,0,0,53,3,56
"389",20200319,"WA",1187,15918,NA,NA,66,17105,"2020-03-19T20:00:00Z",17105,14,0,2801,175,2976
"390",20200319,"WI",155,2192,NA,NA,NA,2347,"2020-03-19T20:00:00Z",2347,0,0,615,49,664
"391",20200319,"WV",2,143,3,NA,0,148,"2020-03-19T20:00:00Z",145,0,0,21,1,22
"392",20200319,"WY",18,271,NA,NA,NA,289,"2020-03-19T20:00:00Z",289,0,0,93,3,96
"393",20200318,"AK",6,406,NA,NA,NA,412,"2020-03-18T20:00:00Z",412,0,0,72,3,75
"394",20200318,"AL",46,28,NA,NA,0,74,"2020-03-18T20:00:00Z",74,0,0,0,10,10
"395",20200318,"AR",33,236,50,NA,NA,319,"2020-03-18T20:00:00Z",269,0,0,39,11,50
"396",20200318,"AS",0,NA,NA,NA,0,0,"2020-03-18T20:00:00Z",0,0,0,0,0,0
"397",20200318,"AZ",28,148,102,NA,0,278,"2020-03-18T20:00:00Z",176,0,0,6,8,14
"398",20200318,"CA",611,7981,NA,NA,13,8592,"2020-03-18T20:00:00Z",8592,2,0,0,128,128
"399",20200318,"CO",183,1617,NA,NA,2,1800,"2020-03-18T20:00:00Z",1800,1,0,561,23,584
"400",20200318,"CT",68,125,NA,NA,NA,193,"2020-03-18T20:00:00Z",193,0,0,0,27,27
"401",20200318,"DC",31,138,1,NA,NA,170,"2020-03-18T20:00:00Z",169,0,0,34,9,43
"402",20200318,"DE",25,36,NA,NA,NA,61,"2020-03-18T20:00:00Z",61,0,0,0,9,9
"403",20200318,"FL",314,1225,954,NA,7,2493,"2020-03-18T20:00:00Z",1539,1,0,285,128,413
"404",20200318,"GA",197,1311,NA,NA,1,1508,"2020-03-18T20:00:00Z",1508,0,0,1311,51,1362
"405",20200318,"GU",8,57,NA,NA,NA,65,"2020-03-18T20:00:00Z",65,0,0,16,3,19
"406",20200318,"HI",14,93,12,NA,NA,119,"2020-03-18T20:00:00Z",107,0,0,93,4,97
"407",20200318,"IA",29,83,NA,NA,NA,112,"2020-03-18T20:00:00Z",112,0,0,0,6,6
"408",20200318,"ID",9,459,NA,NA,NA,468,"2020-03-18T20:00:00Z",468,0,0,113,2,115
"409",20200318,"IL",289,1763,NA,NA,1,2052,"2020-03-18T20:00:00Z",2052,0,0,423,129,552
"410",20200318,"IN",39,154,NA,NA,2,193,"2020-03-18T20:00:00Z",193,0,0,25,9,34
"411",20200318,"KS",16,417,NA,NA,1,433,"2020-03-18T20:00:00Z",433,0,0,35,1,36
"412",20200318,"KY",26,354,NA,NA,1,380,"2020-03-18T20:00:00Z",380,0,0,59,4,63
"413",20200318,"LA",240,335,NA,NA,6,575,"2020-03-18T20:00:00Z",575,2,0,49,69,118
"414",20200318,"MA",256,2015,NA,NA,NA,2271,"2020-03-18T20:00:00Z",2271,0,0,474,38,512
"415",20200318,"MD",85,94,NA,NA,NA,179,"2020-03-18T20:00:00Z",179,0,0,0,28,28
"416",20200318,"ME",43,1670,NA,NA,NA,1713,"2020-03-18T20:00:00Z",1713,0,0,367,11,378
"417",20200318,"MI",80,272,NA,NA,NA,352,"2020-03-18T20:00:00Z",352,0,0,0,15,15
"418",20200318,"MN",77,2685,NA,NA,NA,2762,"2020-03-18T20:00:00Z",2762,0,0,409,17,426
"419",20200318,"MO",13,253,NA,NA,0,266,"2020-03-18T20:00:00Z",266,0,0,46,5,51
"420",20200318,"MP",0,NA,NA,NA,0,0,"2020-03-18T20:00:00Z",0,0,0,0,0,0
"421",20200318,"MS",34,479,NA,NA,NA,513,"2020-03-18T20:00:00Z",513,0,0,111,13,124
"422",20200318,"MT",10,499,0,NA,NA,509,"2020-03-18T20:00:00Z",509,0,0,196,2,198
"423",20200318,"NC",63,1787,NA,NA,0,1850,"2020-03-18T20:00:00Z",1850,0,0,1313,23,1336
"424",20200318,"ND",6,268,NA,NA,0,274,"2020-03-18T20:00:00Z",274,0,0,48,3,51
"425",20200318,"NE",24,206,NA,NA,NA,230,"2020-03-18T20:00:00Z",230,0,0,0,3,3
"426",20200318,"NH",26,513,208,NA,NA,747,"2020-03-18T20:00:00Z",539,0,0,158,9,167
"427",20200318,"NJ",427,190,21,NA,5,638,"2020-03-18T20:00:00Z",617,2,0,27,160,187
"428",20200318,"NM",28,2326,NA,NA,NA,2354,"2020-03-18T20:00:00Z",2354,0,0,1077,5,1082
"429",20200318,"NV",55,168,NA,NA,1,223,"2020-03-18T20:00:00Z",223,0,0,0,0,0
"430",20200318,"NY",2382,12215,NA,NA,12,14597,"2020-03-18T20:00:00Z",14597,5,0,6709,682,7391
"431",20200318,"OH",88,140,NA,NA,NA,228,"2020-03-18T20:00:00Z",228,0,0,0,21,21
"432",20200318,"OK",29,378,110,NA,NA,517,"2020-03-18T20:00:00Z",407,0,0,131,12,143
"433",20200318,"OR",75,1118,361,NA,3,1554,"2020-03-18T20:00:00Z",1193,3,0,429,28,457
"434",20200318,"PA",133,1187,NA,NA,NA,1320,"2020-03-18T20:00:00Z",1320,0,0,308,37,345
"435",20200318,"PR",5,31,21,NA,NA,57,"2020-03-18T20:00:00Z",36,0,0,18,0,18
"436",20200318,"RI",33,540,334,NA,NA,907,"2020-03-18T20:00:00Z",573,0,0,232,12,244
"437",20200318,"SC",60,583,NA,NA,1,643,"2020-03-18T20:00:00Z",643,0,0,272,27,299
"438",20200318,"SD",11,551,350,NA,1,913,"2020-03-18T20:00:00Z",562,1,0,0,0,0
"439",20200318,"TN",98,349,NA,NA,NA,447,"2020-03-18T20:00:00Z",447,0,0,19,25,44
"440",20200318,"TX",83,1824,NA,NA,2,1907,"2020-03-18T20:00:00Z",1907,1,0,620,19,639
"441",20200318,"UT",63,131,NA,NA,0,194,"2020-03-18T20:00:00Z",194,0,0,0,12,12
"442",20200318,"VA",77,1201,NA,NA,1,1278,"2020-03-18T20:00:00Z",1278,0,0,240,10,250
"443",20200318,"VI",2,NA,NA,NA,0,2,"2020-03-18T20:00:00Z",2,0,0,0,0,0
"444",20200318,"VT",19,592,NA,NA,NA,611,"2020-03-18T20:00:00Z",611,0,0,97,9,106
"445",20200318,"WA",1012,13117,NA,NA,52,14129,"2020-03-18T20:00:00Z",14129,4,0,1535,108,1643
"446",20200318,"WI",106,1577,NA,NA,NA,1683,"2020-03-18T20:00:00Z",1683,0,0,539,34,573
"447",20200318,"WV",1,122,14,NA,0,137,"2020-03-18T20:00:00Z",123,0,0,42,1,43
"448",20200318,"WY",15,178,NA,NA,NA,193,"2020-03-18T20:00:00Z",193,0,0,83,5,88
"449",20200317,"AK",3,334,NA,NA,NA,337,"2020-03-17T20:00:00Z",337,0,0,191,2,193
"450",20200317,"AL",36,28,NA,NA,0,64,"2020-03-17T20:00:00Z",64,0,0,0,8,8
"451",20200317,"AR",22,197,41,NA,NA,260,"2020-03-17T20:00:00Z",219,0,0,65,0,65
"452",20200317,"AS",0,NA,NA,NA,NA,0,"2020-03-17T20:00:00Z",0,0,0,0,0,0
"453",20200317,"AZ",20,142,66,NA,0,228,"2020-03-17T20:00:00Z",162,0,0,17,2,19
"454",20200317,"CA",483,7981,NA,NA,11,8407,"2020-03-17T20:00:00Z",8464,5,0,0,148,148
"455",20200317,"CO",160,1056,NA,NA,1,1216,"2020-03-17T20:00:00Z",1216,0,0,429,29,458
"456",20200317,"CT",41,125,NA,NA,NA,166,"2020-03-17T20:00:00Z",166,0,0,0,15,15
"457",20200317,"DC",22,104,0,NA,NA,126,"2020-03-17T20:00:00Z",126,0,0,8,5,13
"458",20200317,"DE",16,36,NA,NA,NA,52,"2020-03-17T20:00:00Z",52,0,0,0,8,8
"459",20200317,"FL",186,940,872,NA,6,1998,"2020-03-17T20:00:00Z",1126,2,0,256,45,301
"460",20200317,"GA",146,NA,NA,NA,1,146,"2020-03-17T20:00:00Z",146,0,0,0,25,25
"461",20200317,"GU",5,41,NA,NA,NA,46,"2020-03-17T20:00:00Z",46,0,0,18,2,20
"462",20200317,"HI",10,NA,NA,NA,NA,10,"2020-03-17T20:00:00Z",10,0,0,0,3,3
"463",20200317,"IA",23,83,NA,NA,NA,106,"2020-03-17T20:00:00Z",106,0,0,0,1,1
"464",20200317,"ID",7,346,NA,NA,NA,353,"2020-03-17T20:00:00Z",353,0,0,81,2,83
"465",20200317,"IL",160,1340,NA,NA,1,1500,"2020-03-17T20:00:00Z",1500,1,0,408,67,475
"466",20200317,"IN",30,129,NA,NA,2,159,"2020-03-17T20:00:00Z",159,1,0,14,6,20
"467",20200317,"KS",15,382,NA,NA,1,397,"2020-03-17T20:00:00Z",397,0,0,216,4,220
"468",20200317,"KY",22,295,NA,NA,1,317,"2020-03-17T20:00:00Z",317,0,0,61,1,62
"469",20200317,"LA",171,286,NA,NA,4,457,"2020-03-17T20:00:00Z",457,2,0,98,57,155
"470",20200317,"MA",218,1541,NA,NA,NA,1759,"2020-03-17T20:00:00Z",1759,0,0,1189,54,1243
"471",20200317,"MD",57,94,NA,NA,NA,151,"2020-03-17T20:00:00Z",151,0,0,0,20,20
"472",20200317,"ME",32,1303,NA,NA,NA,1335,"2020-03-17T20:00:00Z",1335,0,0,539,15,554
"473",20200317,"MI",65,272,NA,NA,NA,337,"2020-03-17T20:00:00Z",337,0,0,0,12,12
"474",20200317,"MN",60,2276,NA,NA,NA,2336,"2020-03-17T20:00:00Z",2336,0,0,437,6,443
"475",20200317,"MO",8,207,NA,NA,0,215,"2020-03-17T20:00:00Z",215,0,0,43,2,45
"476",20200317,"MP",0,NA,NA,NA,NA,0,"2020-03-17T20:00:00Z",0,0,0,0,0,0
"477",20200317,"MS",21,368,NA,NA,NA,389,"2020-03-17T20:00:00Z",389,0,0,91,9,100
"478",20200317,"MT",8,303,0,NA,NA,311,"2020-03-17T20:00:00Z",311,0,0,105,1,106
"479",20200317,"NC",40,474,NA,NA,0,514,"2020-03-17T20:00:00Z",514,0,0,178,7,185
"480",20200317,"ND",3,220,0,NA,0,223,"2020-03-17T20:00:00Z",223,0,0,97,2,99
"481",20200317,"NE",21,206,NA,NA,NA,227,"2020-03-17T20:00:00Z",227,0,0,36,3,39
"482",20200317,"NH",17,355,195,NA,NA,567,"2020-03-17T20:00:00Z",372,0,0,84,4,88
"483",20200317,"NJ",267,163,55,NA,3,485,"2020-03-17T20:00:00Z",430,1,0,43,89,132
"484",20200317,"NM",23,1249,NA,NA,NA,1272,"2020-03-17T20:00:00Z",1272,0,0,683,6,689
"485",20200317,"NV",55,168,NA,NA,1,223,"2020-03-17T20:00:00Z",223,0,0,0,10,10
"486",20200317,"NY",1700,5506,NA,NA,7,7206,"2020-03-17T20:00:00Z",7206,0,0,963,750,1713
"487",20200317,"OH",67,140,NA,NA,NA,207,"2020-03-17T20:00:00Z",207,0,0,0,17,17
"488",20200317,"OK",17,247,82,NA,NA,346,"2020-03-17T20:00:00Z",264,0,0,73,7,80
"489",20200317,"OR",47,689,184,NA,NA,920,"2020-03-17T20:00:00Z",736,0,0,110,8,118
"490",20200317,"PA",96,879,NA,NA,NA,975,"2020-03-17T20:00:00Z",975,0,0,209,20,229
"491",20200317,"PR",5,13,4,NA,NA,22,"2020-03-17T20:00:00Z",18,0,0,4,0,4
"492",20200317,"RI",21,308,149,NA,NA,478,"2020-03-17T20:00:00Z",329,0,0,0,0,0
"493",20200317,"SC",33,311,NA,NA,1,344,"2020-03-17T20:00:00Z",344,0,0,76,5,81
"494",20200317,"SD",11,551,35,NA,NA,597,"2020-03-17T20:00:00Z",562,0,0,57,1,58
"495",20200317,"TN",73,330,NA,NA,NA,403,"2020-03-17T20:00:00Z",403,0,0,60,21,81
"496",20200317,"TX",64,1204,NA,NA,1,1268,"2020-03-17T20:00:00Z",1268,1,0,1204,7,1211
"497",20200317,"UT",51,131,NA,NA,0,182,"2020-03-17T20:00:00Z",182,0,0,0,12,12
"498",20200317,"VA",67,961,NA,NA,1,1028,"2020-03-17T20:00:00Z",1028,0,0,523,16,539
"499",20200317,"VI",2,NA,NA,NA,NA,2,"2020-03-17T20:00:00Z",2,0,0,0,1,1
"500",20200317,"VT",10,495,NA,NA,NA,505,"2020-03-17T20:00:00Z",505,0,0,74,2,76
"501",20200317,"WA",904,11582,NA,NA,48,12486,"2020-03-17T20:00:00Z",12486,6,0,2131,135,2266
"502",20200317,"WI",72,1038,NA,NA,NA,1110,"2020-03-17T20:00:00Z",1110,0,0,534,25,559
"503",20200317,"WV",0,80,4,NA,0,84,"2020-03-17T20:00:00Z",80,0,0,0,0,0
"504",20200317,"WY",10,95,NA,NA,NA,105,"2020-03-17T20:00:00Z",105,0,0,95,7,102
"505",20200316,"AK",1,143,NA,NA,NA,144,"2020-03-16T20:00:00Z",144,0,0,0,0,0
"506",20200316,"AL",28,28,40,NA,0,96,"2020-03-16T20:00:00Z",56,0,0,0,16,16
"507",20200316,"AR",22,132,14,NA,NA,168,"2020-03-16T20:00:00Z",154,0,0,29,6,35
"508",20200316,"AS",0,NA,NA,NA,NA,0,"2020-03-16T20:00:00Z",0,NA,NA,NA,NA,NA
"509",20200316,"AZ",18,125,63,NA,0,206,"2020-03-16T20:00:00Z",143,0,0,4,6,10
"510",20200316,"CA",335,7981,NA,NA,6,8316,"2020-03-16T20:00:00Z",8316,1,0,7065,42,7107
"511",20200316,"CO",131,627,NA,NA,1,758,"2020-03-16T20:00:00Z",758,0,0,0,0,0
"512",20200316,"CT",26,125,NA,NA,NA,151,"2020-03-16T20:00:00Z",151,0,0,0,6,6
"513",20200316,"DC",17,96,7,NA,NA,120,"2020-03-16T20:00:00Z",113,0,0,17,1,18
"514",20200316,"DE",8,36,32,NA,NA,76,"2020-03-16T20:00:00Z",44,0,0,0,2,2
"515",20200316,"FL",141,684,514,NA,4,1339,"2020-03-16T20:00:00Z",825,0,0,6,25,31
"516",20200316,"GA",121,NA,NA,NA,1,121,"2020-03-16T20:00:00Z",121,0,0,0,22,22
"517",20200316,"GU",3,23,NA,NA,NA,26,"2020-03-16T20:00:00Z",26,NA,NA,NA,NA,NA
"518",20200316,"HI",7,NA,NA,NA,NA,7,"2020-03-16T20:00:00Z",7,0,0,0,5,5
"519",20200316,"IA",22,83,NA,NA,NA,105,"2020-03-16T20:00:00Z",105,0,0,0,4,4
"520",20200316,"ID",5,265,NA,NA,NA,270,"2020-03-16T20:00:00Z",270,0,0,94,0,94
"521",20200316,"IL",93,932,NA,NA,NA,1025,"2020-03-16T20:00:00Z",1025,0,0,483,29,512
"522",20200316,"IN",24,115,NA,NA,1,139,"2020-03-16T20:00:00Z",139,1,0,13,5,18
"523",20200316,"KS",11,166,NA,NA,1,177,"2020-03-16T20:00:00Z",177,0,0,31,3,34
"524",20200316,"KY",21,234,NA,NA,1,255,"2020-03-16T20:00:00Z",255,1,0,95,5,100
"525",20200316,"LA",114,188,NA,NA,2,302,"2020-03-16T20:00:00Z",302,0,0,32,23,55
"526",20200316,"MA",164,352,NA,NA,NA,516,"2020-03-16T20:00:00Z",516,0,0,0,26,26
"527",20200316,"MD",37,94,NA,NA,NA,131,"2020-03-16T20:00:00Z",131,0,0,0,6,6
"528",20200316,"ME",17,764,NA,NA,NA,781,"2020-03-16T20:00:00Z",781,0,0,673,14,687
"529",20200316,"MI",53,272,30,NA,NA,355,"2020-03-16T20:00:00Z",325,0,0,67,20,87
"530",20200316,"MN",54,1839,NA,NA,NA,1893,"2020-03-16T20:00:00Z",1893,0,0,452,19,471
"531",20200316,"MO",6,164,NA,NA,0,170,"2020-03-16T20:00:00Z",170,0,0,42,1,43
"532",20200316,"MP",0,NA,NA,NA,NA,0,"2020-03-16T20:00:00Z",0,NA,NA,NA,NA,NA
"533",20200316,"MS",12,277,NA,NA,NA,289,"2020-03-16T20:00:00Z",289,0,0,193,2,195
"534",20200316,"MT",7,198,0,NA,NA,205,"2020-03-16T20:00:00Z",205,0,0,95,0,95
"535",20200316,"NC",33,296,151,NA,0,480,"2020-03-16T20:00:00Z",329,0,0,69,1,70
"536",20200316,"ND",1,123,0,NA,0,124,"2020-03-16T20:00:00Z",124,0,0,28,0,28
"537",20200316,"NE",18,170,NA,NA,NA,188,"2020-03-16T20:00:00Z",188,0,0,90,1,91
"538",20200316,"NH",13,271,95,NA,NA,379,"2020-03-16T20:00:00Z",284,0,0,0,0,0
"539",20200316,"NJ",178,120,20,NA,2,218,"2020-03-16T20:00:00Z",298,0,0,0,80,80
"540",20200316,"NM",17,566,NA,NA,NA,583,"2020-03-16T20:00:00Z",583,0,0,84,4,88
"541",20200316,"NV",45,168,NA,NA,1,213,"2020-03-16T20:00:00Z",213,1,0,0,24,24
"542",20200316,"NY",950,4543,NA,NA,7,5493,"2020-03-16T20:00:00Z",5493,4,0,0,221,221
"543",20200316,"OH",50,140,361,NA,NA,551,"2020-03-16T20:00:00Z",190,0,0,1,14,15
"544",20200316,"OK",10,174,29,NA,NA,213,"2020-03-16T20:00:00Z",184,0,0,56,1,57
"545",20200316,"OR",39,579,182,NA,NA,800,"2020-03-16T20:00:00Z",618,0,0,159,3,162
"546",20200316,"PA",76,670,NA,NA,NA,746,"2020-03-16T20:00:00Z",746,0,0,465,13,478
"547",20200316,"PR",5,9,NA,NA,NA,14,"2020-03-16T20:00:00Z",14,NA,NA,NA,NA,NA
"548",20200316,"RI",21,308,149,NA,NA,478,"2020-03-16T20:00:00Z",329,0,0,110,1,111
"549",20200316,"SC",28,235,NA,NA,1,263,"2020-03-16T20:00:00Z",263,1,0,81,9,90
"550",20200316,"SD",10,494,0,NA,NA,504,"2020-03-16T20:00:00Z",504,0,0,167,1,168
"551",20200316,"TN",52,270,NA,NA,NA,322,"2020-03-16T20:00:00Z",322,0,0,113,13,126
"552",20200316,"TX",57,NA,NA,NA,NA,57,"2020-03-16T20:00:00Z",57,0,0,0,1,1
"553",20200316,"UT",39,131,NA,NA,0,170,"2020-03-16T20:00:00Z",170,0,0,0,11,11
"554",20200316,"VA",51,438,NA,NA,1,489,"2020-03-16T20:00:00Z",489,0,0,75,6,81
"555",20200316,"VI",1,NA,NA,NA,NA,1,"2020-03-16T20:00:00Z",1,NA,NA,NA,NA,NA
"556",20200316,"VT",8,421,NA,NA,NA,429,"2020-03-16T20:00:00Z",429,0,0,73,4,77
"557",20200316,"WA",769,9451,NA,NA,42,10220,"2020-03-16T20:00:00Z",10220,2,0,2329,127,2456
"558",20200316,"WI",47,504,NA,NA,NA,551,"2020-03-16T20:00:00Z",551,0,0,191,14,205
"559",20200316,"WV",0,80,4,NA,0,84,"2020-03-16T20:00:00Z",80,0,0,42,0,42
"560",20200316,"WY",3,NA,NA,NA,NA,3,"2020-03-16T20:00:00Z",3,0,0,0,0,0
"561",20200315,"AK",1,143,NA,NA,NA,144,"2020-03-15T20:00:00Z",144,0,0,0,0,0
"562",20200315,"AL",12,28,46,NA,0,86,"2020-03-15T20:00:00Z",40,0,0,6,6,12
"563",20200315,"AR",16,103,30,NA,NA,149,"2020-03-15T20:00:00Z",119,0,0,38,4,42
"564",20200315,"AZ",12,121,50,NA,0,183,"2020-03-15T20:00:00Z",133,0,0,0,0,0
"565",20200315,"CA",293,916,NA,NA,5,1209,"2020-03-15T20:00:00Z",1209,0,0,0,41,41
"566",20200315,"CO",131,627,NA,NA,1,758,"2020-03-15T20:00:00Z",758,0,0,17,30,47
"567",20200315,"CT",20,125,NA,NA,NA,145,"2020-03-15T20:00:00Z",145,0,0,0,9,9
"568",20200315,"DC",16,79,20,NA,NA,115,"2020-03-15T20:00:00Z",95,0,0,30,6,36
"569",20200315,"DE",6,36,32,NA,NA,74,"2020-03-15T20:00:00Z",42,0,0,0,0,0
"570",20200315,"FL",116,678,454,NA,4,1248,"2020-03-15T20:00:00Z",794,1,0,200,39,239
"571",20200315,"GA",99,NA,NA,NA,1,99,"2020-03-15T20:00:00Z",99,0,0,0,33,33
"572",20200315,"HI",2,NA,NA,NA,NA,2,"2020-03-15T20:00:00Z",2,0,0,0,0,0
"573",20200315,"IA",18,83,NA,NA,NA,101,"2020-03-15T20:00:00Z",101,0,0,0,1,1
"574",20200315,"ID",5,171,NA,NA,NA,176,"2020-03-15T20:00:00Z",176,0,0,-3,3,0
"575",20200315,"IL",64,449,195,NA,NA,708,"2020-03-15T20:00:00Z",513,0,0,133,18,151
"576",20200315,"IN",19,102,NA,NA,0,121,"2020-03-15T20:00:00Z",121,0,0,28,4,32
"577",20200315,"KS",8,135,NA,NA,1,143,"2020-03-15T20:00:00Z",143,0,0,42,2,44
"578",20200315,"KY",16,139,NA,NA,NA,155,"2020-03-15T20:00:00Z",155,0,0,0,2,2
"579",20200315,"LA",91,156,NA,NA,2,247,"2020-03-15T20:00:00Z",247,2,0,47,22,69
"580",20200315,"MA",138,352,NA,NA,NA,490,"2020-03-15T20:00:00Z",490,0,0,0,0,0
"581",20200315,"MD",31,94,NA,NA,NA,125,"2020-03-15T20:00:00Z",125,0,0,0,5,5
"582",20200315,"ME",3,91,17,NA,NA,111,"2020-03-15T20:00:00Z",94,0,0,0,0,0
"583",20200315,"MI",33,205,26,NA,NA,264,"2020-03-15T20:00:00Z",238,0,0,0,8,8
"584",20200315,"MN",35,1387,NA,NA,NA,1422,"2020-03-15T20:00:00Z",1422,0,0,540,14,554
"585",20200315,"MO",5,122,NA,NA,0,127,"2020-03-15T20:00:00Z",127,0,0,32,1,33
"586",20200315,"MS",10,84,NA,NA,NA,94,"2020-03-15T20:00:00Z",94,0,0,0,4,4
"587",20200315,"MT",7,103,57,NA,NA,167,"2020-03-15T20:00:00Z",110,0,0,0,2,2
"588",20200315,"NC",32,227,151,NA,NA,410,"2020-03-15T20:00:00Z",259,0,0,90,9,99
"589",20200315,"ND",1,95,4,NA,0,100,"2020-03-15T20:00:00Z",96,0,0,41,0,41
"590",20200315,"NE",17,80,33,NA,NA,130,"2020-03-15T20:00:00Z",97,0,0,0,3,3
"591",20200315,"NH",13,271,95,NA,NA,379,"2020-03-15T20:00:00Z",284,0,0,59,6,65
"592",20200315,"NJ",98,120,34,NA,2,252,"2020-03-15T20:00:00Z",218,1,0,23,48,71
"593",20200315,"NM",13,482,NA,NA,NA,495,"2020-03-15T20:00:00Z",495,0,0,245,3,248
"594",20200315,"NV",21,168,164,NA,NA,353,"2020-03-15T20:00:00Z",189,0,0,0,1,1
"595",20200315,"NY",729,4543,NA,NA,3,5272,"2020-03-15T20:00:00Z",5272,3,0,1764,205,1969
"596",20200315,"OH",36,139,350,NA,NA,525,"2020-03-15T20:00:00Z",175,0,0,89,23,112
"597",20200315,"OK",9,118,12,NA,NA,139,"2020-03-15T20:00:00Z",127,0,0,82,5,87
"598",20200315,"OR",36,420,225,NA,NA,681,"2020-03-15T20:00:00Z",456,0,0,83,6,89
"599",20200315,"PA",63,205,183,NA,NA,451,"2020-03-15T20:00:00Z",268,0,0,0,16,16
"600",20200315,"RI",20,198,57,NA,NA,275,"2020-03-15T20:00:00Z",218,0,0,0,0,0
"601",20200315,"SC",19,154,NA,NA,NA,173,"2020-03-15T20:00:00Z",173,0,0,44,6,50
"602",20200315,"SD",9,327,6,NA,NA,342,"2020-03-15T20:00:00Z",336,0,0,145,0,145
"603",20200315,"TN",39,157,NA,NA,NA,196,"2020-03-15T20:00:00Z",196,0,0,27,7,34
"604",20200315,"TX",56,NA,NA,NA,NA,56,"2020-03-15T20:00:00Z",56,0,0,0,5,5
"605",20200315,"UT",28,131,NA,NA,0,159,"2020-03-15T20:00:00Z",159,0,0,0,22,22
"606",20200315,"VA",45,363,NA,NA,1,408,"2020-03-15T20:00:00Z",408,1,0,246,15,261
"607",20200315,"VT",4,348,NA,NA,NA,352,"2020-03-15T20:00:00Z",352,0,0,121,0,121
"608",20200315,"WA",642,7122,NA,NA,40,7764,"2020-03-15T20:00:00Z",7764,3,0,1121,74,1195
"609",20200315,"WI",33,313,NA,NA,NA,346,"2020-03-15T20:00:00Z",346,0,0,144,14,158
"610",20200315,"WV",0,38,1,NA,0,39,"2020-03-15T20:00:00Z",38,0,0,12,0,12
"611",20200315,"WY",3,NA,NA,NA,NA,3,"2020-03-15T20:00:00Z",3,0,0,0,1,1
"612",20200314,"AK",1,143,NA,NA,NA,144,"2020-03-14T20:00:00Z",144,0,0,84,0,84
"613",20200314,"AL",6,22,46,NA,NA,74,"2020-03-14T20:00:00Z",28,0,0,11,5,16
"614",20200314,"AR",12,65,26,NA,NA,103,"2020-03-14T20:00:00Z",77,0,0,35,3,38
"615",20200314,"AZ",12,121,50,NA,0,183,"2020-03-14T20:00:00Z",133,0,0,27,3,30
"616",20200314,"CA",252,916,NA,NA,5,1168,"2020-03-14T20:00:00Z",1168,1,0,0,50,50
"617",20200314,"CO",101,610,NA,NA,1,711,"2020-03-14T20:00:00Z",711,1,0,86,29,115
"618",20200314,"CT",11,125,NA,NA,NA,136,"2020-03-14T20:00:00Z",136,0,0,26,5,31
"619",20200314,"DC",10,49,10,NA,NA,69,"2020-03-14T20:00:00Z",59,0,0,29,0,29
"620",20200314,"DE",6,36,32,NA,NA,74,"2020-03-14T20:00:00Z",42,0,0,6,2,8
"621",20200314,"FL",77,478,221,NA,3,776,"2020-03-14T20:00:00Z",555,1,0,0,27,27
"622",20200314,"GA",66,NA,NA,NA,1,66,"2020-03-14T20:00:00Z",66,0,0,0,24,24
"623",20200314,"HI",2,NA,NA,NA,NA,2,"2020-03-14T20:00:00Z",2,0,0,0,0,0
"624",20200314,"IA",17,83,NA,NA,NA,100,"2020-03-14T20:00:00Z",100,0,0,0,1,1
"625",20200314,"ID",2,174,NA,NA,NA,176,"2020-03-14T20:00:00Z",176,0,0,43,2,45
"626",20200314,"IL",46,316,82,NA,NA,444,"2020-03-14T20:00:00Z",362,0,0,22,14,36
"627",20200314,"IN",15,74,NA,NA,0,89,"2020-03-14T20:00:00Z",89,0,0,13,3,16
"628",20200314,"KS",6,93,NA,NA,1,100,"2020-03-14T20:00:00Z",99,1,0,0,0,0
"629",20200314,"KY",14,139,NA,NA,NA,153,"2020-03-14T20:00:00Z",153,0,0,32,3,35
"630",20200314,"LA",69,109,NA,NA,NA,178,"2020-03-14T20:00:00Z",178,0,0,72,33,105
"631",20200314,"MA",138,352,NA,NA,NA,490,"2020-03-14T20:00:00Z",490,0,0,260,15,275
"632",20200314,"MD",26,94,NA,NA,NA,120,"2020-03-14T20:00:00Z",120,0,0,0,9,9
"633",20200314,"ME",3,91,17,NA,NA,111,"2020-03-14T20:00:00Z",94,0,0,0,0,0
"634",20200314,"MI",25,205,26,NA,NA,256,"2020-03-14T20:00:00Z",230,0,0,72,9,81
"635",20200314,"MN",21,847,NA,NA,NA,868,"2020-03-14T20:00:00Z",868,0,0,306,7,313
"636",20200314,"MO",4,90,NA,NA,0,94,"2020-03-14T20:00:00Z",94,0,0,19,2,21
"637",20200314,"MS",6,84,NA,NA,NA,90,"2020-03-14T20:00:00Z",90,0,0,43,2,45
"638",20200314,"MT",5,103,NA,NA,NA,108,"2020-03-14T20:00:00Z",108,0,0,48,4,52
"639",20200314,"NC",23,137,NA,NA,NA,160,"2020-03-14T20:00:00Z",160,0,0,51,8,59
"640",20200314,"ND",1,54,14,NA,0,69,"2020-03-14T20:00:00Z",55,0,0,15,0,15
"641",20200314,"NE",14,80,33,NA,NA,127,"2020-03-14T20:00:00Z",94,0,0,0,1,1
"642",20200314,"NH",7,212,31,NA,NA,250,"2020-03-14T20:00:00Z",219,0,0,118,1,119
"643",20200314,"NJ",50,97,80,NA,1,227,"2020-03-14T20:00:00Z",147,0,0,0,0,0
"644",20200314,"NM",10,237,NA,NA,NA,247,"2020-03-14T20:00:00Z",247,0,0,47,0,47
"645",20200314,"NV",20,168,NA,NA,NA,188,"2020-03-14T20:00:00Z",188,0,0,0,9,9
"646",20200314,"NY",524,2779,NA,NA,NA,3303,"2020-03-14T20:00:00Z",3303,0,0,0,103,103
"647",20200314,"OH",13,50,159,NA,NA,222,"2020-03-14T20:00:00Z",63,0,0,0,0,0
"648",20200314,"OK",4,36,37,NA,NA,77,"2020-03-14T20:00:00Z",40,0,0,0,1,1
"649",20200314,"OR",30,337,157,NA,NA,524,"2020-03-14T20:00:00Z",367,0,0,0,0,0
"650",20200314,"PA",47,205,150,NA,NA,402,"2020-03-14T20:00:00Z",252,0,0,65,14,79
"651",20200314,"RI",20,198,57,NA,NA,275,"2020-03-14T20:00:00Z",218,0,0,56,6,62
"652",20200314,"SC",13,110,NA,NA,NA,123,"2020-03-14T20:00:00Z",123,0,0,35,1,36
"653",20200314,"SD",9,182,3,NA,NA,194,"2020-03-14T20:00:00Z",191,0,0,109,0,109
"654",20200314,"TN",32,130,NA,NA,NA,162,"2020-03-14T20:00:00Z",162,0,0,14,6,20
"655",20200314,"TX",51,NA,NA,NA,NA,51,"2020-03-14T20:00:00Z",51,0,0,0,12,12
"656",20200314,"UT",6,131,NA,NA,NA,137,"2020-03-14T20:00:00Z",137,0,0,0,0,0
"657",20200314,"VA",30,117,NA,NA,NA,147,"2020-03-14T20:00:00Z",147,0,0,0,0,0
"658",20200314,"VT",4,227,NA,NA,NA,231,"2020-03-14T20:00:00Z",231,0,0,85,2,87
"659",20200314,"WA",568,6001,NA,NA,37,6569,"2020-03-14T20:00:00Z",6569,6,0,1651,111,1762
"660",20200314,"WI",19,169,NA,NA,NA,188,"2020-03-14T20:00:00Z",188,0,0,0,0,0
"661",20200314,"WV",0,26,5,NA,NA,31,"2020-03-14T20:00:00Z",26,0,0,9,0,9
"662",20200314,"WY",2,NA,NA,NA,NA,2,"2020-03-14T20:00:00Z",2,0,0,0,1,1
"663",20200313,"AK",1,59,NA,NA,NA,60,"2020-03-13T20:00:00Z",60,0,0,13,1,14
"664",20200313,"AL",1,11,NA,NA,NA,12,"2020-03-13T20:00:00Z",12,0,0,1,1,2
"665",20200313,"AR",9,30,22,NA,NA,61,"2020-03-13T20:00:00Z",39,0,0,6,3,9
"666",20200313,"AZ",9,94,40,NA,0,143,"2020-03-13T20:00:00Z",103,0,0,12,0,12
"667",20200313,"CA",202,916,NA,NA,4,1118,"2020-03-13T20:00:00Z",1118,0,0,0,0,0
"668",20200313,"CO",72,524,NA,NA,NA,596,"2020-03-13T20:00:00Z",596,0,0,226,27,253
"669",20200313,"CT",6,99,NA,NA,NA,105,"2020-03-13T20:00:00Z",105,0,0,10,0,10
"670",20200313,"DC",10,20,NA,NA,NA,30,"2020-03-13T20:00:00Z",30,0,0,0,0,0
"671",20200313,"DE",4,30,10,NA,NA,44,"2020-03-13T20:00:00Z",34,0,0,7,0,7
"672",20200313,"FL",50,478,221,NA,2,749,"2020-03-13T20:00:00Z",528,0,0,177,18,195
"673",20200313,"GA",42,NA,NA,NA,1,42,"2020-03-13T20:00:00Z",42,1,0,0,11,11
"674",20200313,"HI",2,NA,NA,NA,NA,2,"2020-03-13T20:00:00Z",2,0,0,0,0,0
"675",20200313,"IA",16,83,29,NA,NA,128,"2020-03-13T20:00:00Z",99,0,0,16,2,18
"676",20200313,"ID",0,131,NA,NA,NA,131,"2020-03-13T20:00:00Z",131,0,0,38,0,38
"677",20200313,"IL",32,294,92,NA,NA,418,"2020-03-13T20:00:00Z",326,0,0,28,7,35
"678",20200313,"IN",12,61,NA,NA,NA,73,"2020-03-13T20:00:00Z",73,0,0,9,0,9
"679",20200313,"KS",6,93,NA,NA,NA,99,"2020-03-13T20:00:00Z",99,0,0,52,2,54
"680",20200313,"KY",11,107,NA,NA,NA,118,"2020-03-13T20:00:00Z",118,0,0,51,3,54
"681",20200313,"LA",36,37,NA,NA,NA,73,"2020-03-13T20:00:00Z",73,0,0,0,22,22
"682",20200313,"MA",123,92,NA,NA,NA,215,"2020-03-13T20:00:00Z",215,0,0,92,28,120
"683",20200313,"MD",17,94,NA,NA,NA,111,"2020-03-13T20:00:00Z",111,0,0,0,5,5
"684",20200313,"ME",3,91,17,NA,NA,111,"2020-03-13T20:00:00Z",94,0,0,26,2,28
"685",20200313,"MI",16,133,26,NA,NA,175,"2020-03-13T20:00:00Z",149,0,0,42,14,56
"686",20200313,"MN",14,541,NA,NA,NA,555,"2020-03-13T20:00:00Z",555,0,0,234,5,239
"687",20200313,"MO",2,71,NA,NA,NA,73,"2020-03-13T20:00:00Z",73,0,0,7,1,8
"688",20200313,"MS",4,41,NA,NA,NA,45,"2020-03-13T20:00:00Z",45,0,0,0,3,3
"689",20200313,"MT",1,55,NA,NA,NA,56,"2020-03-13T20:00:00Z",56,0,0,21,0,21
"690",20200313,"NC",15,86,NA,NA,NA,101,"2020-03-13T20:00:00Z",101,0,0,26,3,29
"691",20200313,"ND",1,39,12,NA,0,52,"2020-03-13T20:00:00Z",40,0,0,27,0,27
"692",20200313,"NE",13,80,33,NA,NA,126,"2020-03-13T20:00:00Z",93,0,0,0,3,3
"693",20200313,"NH",6,94,21,NA,NA,121,"2020-03-13T20:00:00Z",100,0,0,0,0,0
"694",20200313,"NJ",50,97,80,NA,1,227,"2020-03-13T20:00:00Z",147,0,0,23,20,43
"695",20200313,"NM",10,190,NA,NA,NA,200,"2020-03-13T20:00:00Z",200,0,0,35,5,40
"696",20200313,"NV",11,168,NA,NA,NA,179,"2020-03-13T20:00:00Z",179,0,0,0,4,4
"697",20200313,"NY",421,2779,NA,NA,NA,3200,"2020-03-13T20:00:00Z",3200,0,0,2687,205,2892
"698",20200313,"OH",13,50,159,NA,NA,222,"2020-03-13T20:00:00Z",63,0,0,20,8,28
"699",20200313,"OK",3,36,37,NA,NA,76,"2020-03-13T20:00:00Z",39,0,0,0,0,0
"700",20200313,"OR",30,337,157,NA,NA,524,"2020-03-13T20:00:00Z",367,0,0,51,11,62
"701",20200313,"PA",33,140,130,NA,NA,303,"2020-03-13T20:00:00Z",173,0,0,24,11,35
"702",20200313,"RI",14,142,29,NA,NA,185,"2020-03-13T20:00:00Z",156,0,0,48,9,57
"703",20200313,"SC",12,75,NA,NA,NA,87,"2020-03-13T20:00:00Z",87,0,0,27,2,29
"704",20200313,"SD",9,73,11,NA,NA,93,"2020-03-13T20:00:00Z",82,0,0,46,1,47
"705",20200313,"TN",26,116,NA,NA,NA,142,"2020-03-13T20:00:00Z",142,0,0,37,8,45
"706",20200313,"TX",39,NA,NA,NA,NA,39,"2020-03-13T20:00:00Z",39,0,0,0,16,16
"707",20200313,"UT",6,131,NA,NA,NA,137,"2020-03-13T20:00:00Z",137,0,0,0,2,2
"708",20200313,"VA",30,117,NA,NA,NA,147,"2020-03-13T20:00:00Z",147,0,0,0,13,13
"709",20200313,"VT",2,142,NA,NA,NA,144,"2020-03-13T20:00:00Z",144,0,0,45,0,45
"710",20200313,"WA",457,4350,NA,NA,31,4807,"2020-03-13T20:00:00Z",4807,2,0,1313,120,1433
"711",20200313,"WI",19,169,NA,NA,NA,188,"2020-03-13T20:00:00Z",188,0,0,85,11,96
"712",20200313,"WV",0,17,4,NA,NA,21,"2020-03-13T20:00:00Z",17,0,0,10,0,10
"713",20200313,"WY",1,NA,NA,NA,NA,1,"2020-03-13T20:00:00Z",1,0,0,0,0,0
"714",20200312,"AK",0,46,14,NA,NA,60,"2020-03-12T20:00:00Z",46,0,0,0,0,0
"715",20200312,"AL",0,10,NA,NA,NA,10,"2020-03-12T20:00:00Z",10,0,0,0,0,0
"716",20200312,"AR",6,24,20,NA,NA,50,"2020-03-12T20:00:00Z",30,0,0,12,6,18
"717",20200312,"AZ",9,82,24,NA,NA,115,"2020-03-12T20:00:00Z",91,0,0,23,0,23
"718",20200312,"CA",202,916,NA,NA,4,1118,"2020-03-12T20:00:00Z",1118,4,0,0,45,45
"719",20200312,"CO",45,298,NA,NA,NA,343,"2020-03-12T20:00:00Z",343,0,0,47,17,64
"720",20200312,"CT",6,89,NA,NA,NA,95,"2020-03-12T20:00:00Z",95,0,0,18,3,21
"721",20200312,"DC",10,20,NA,NA,NA,30,"2020-03-12T20:00:00Z",30,0,0,0,6,6
"722",20200312,"DE",4,23,14,NA,NA,41,"2020-03-12T20:00:00Z",27,0,0,6,3,9
"723",20200312,"FL",32,301,147,NA,2,480,"2020-03-12T20:00:00Z",333,0,0,0,4,4
"724",20200312,"GA",31,NA,NA,NA,NA,31,"2020-03-12T20:00:00Z",31,0,0,0,9,9
"725",20200312,"HI",2,NA,NA,NA,NA,2,"2020-03-12T20:00:00Z",2,0,0,0,0,0
"726",20200312,"IA",14,67,24,NA,NA,105,"2020-03-12T20:00:00Z",81,0,0,21,1,22
"727",20200312,"ID",0,93,NA,NA,NA,93,"2020-03-12T20:00:00Z",93,0,0,26,0,26
"728",20200312,"IL",25,266,76,NA,NA,367,"2020-03-12T20:00:00Z",291,0,0,22,6,28
"729",20200312,"IN",12,52,NA,NA,NA,64,"2020-03-12T20:00:00Z",64,0,0,19,2,21
"730",20200312,"KS",4,41,NA,NA,NA,45,"2020-03-12T20:00:00Z",45,0,0,0,3,3
"731",20200312,"KY",8,56,NA,NA,NA,64,"2020-03-12T20:00:00Z",64,0,0,10,0,10
"732",20200312,"LA",14,37,NA,NA,NA,51,"2020-03-12T20:00:00Z",51,0,0,0,8,8
"733",20200312,"MA",95,NA,NA,NA,NA,95,"2020-03-12T20:00:00Z",95,0,0,0,3,3
"734",20200312,"MD",12,94,NA,NA,NA,106,"2020-03-12T20:00:00Z",106,0,0,0,3,3
"735",20200312,"ME",1,65,20,NA,NA,86,"2020-03-12T20:00:00Z",66,0,0,23,1,24
"736",20200312,"MI",2,91,27,NA,NA,120,"2020-03-12T20:00:00Z",93,0,0,34,0,34
"737",20200312,"MN",9,307,NA,NA,NA,316,"2020-03-12T20:00:00Z",316,0,0,90,4,94
"738",20200312,"MO",1,64,NA,NA,NA,65,"2020-03-12T20:00:00Z",65,0,0,64,0,64
"739",20200312,"MS",1,41,NA,NA,NA,42,"2020-03-12T20:00:00Z",42,0,0,21,1,22
"740",20200312,"MT",1,34,NA,NA,NA,35,"2020-03-12T20:00:00Z",35,0,0,13,1,14
"741",20200312,"NC",12,60,NA,NA,NA,72,"2020-03-12T20:00:00Z",72,0,0,60,5,65
"742",20200312,"ND",1,12,14,NA,NA,27,"2020-03-12T20:00:00Z",13,0,0,5,1,6
"743",20200312,"NE",10,80,33,NA,NA,123,"2020-03-12T20:00:00Z",90,0,0,33,5,38
"744",20200312,"NH",6,94,21,NA,NA,121,"2020-03-12T20:00:00Z",100,0,0,56,2,58
"745",20200312,"NJ",30,74,20,NA,1,124,"2020-03-12T20:00:00Z",104,0,0,17,6,23
"746",20200312,"NM",5,155,NA,NA,NA,160,"2020-03-12T20:00:00Z",160,0,0,68,2,70
"747",20200312,"NV",7,168,NA,NA,NA,175,"2020-03-12T20:00:00Z",175,0,0,0,2,2
"748",20200312,"NY",216,92,NA,NA,NA,308,"2020-03-12T20:00:00Z",308,0,0,0,0,0
"749",20200312,"OH",5,30,52,NA,NA,87,"2020-03-12T20:00:00Z",35,0,0,9,1,10
"750",20200312,"OK",3,36,4,NA,NA,43,"2020-03-12T20:00:00Z",39,0,0,21,1,22
"751",20200312,"OR",19,286,62,NA,NA,367,"2020-03-12T20:00:00Z",305,0,0,0,0,0
"752",20200312,"PA",22,116,81,NA,NA,219,"2020-03-12T20:00:00Z",138,0,0,28,7,35
"753",20200312,"RI",5,94,8,NA,NA,107,"2020-03-12T20:00:00Z",99,0,0,36,0,36
"754",20200312,"SC",10,48,NA,NA,NA,58,"2020-03-12T20:00:00Z",58,0,0,16,1,17
"755",20200312,"SD",8,27,11,NA,NA,46,"2020-03-12T20:00:00Z",35,0,0,14,3,17
"756",20200312,"TN",18,79,NA,NA,NA,97,"2020-03-12T20:00:00Z",97,0,0,29,11,40
"757",20200312,"TX",23,NA,NA,NA,NA,23,"2020-03-12T20:00:00Z",23,0,0,0,2,2
"758",20200312,"UT",4,131,NA,NA,NA,135,"2020-03-12T20:00:00Z",135,0,0,131,2,133
"759",20200312,"VA",17,117,NA,NA,NA,134,"2020-03-12T20:00:00Z",134,0,0,57,8,65
"760",20200312,"VT",2,97,NA,NA,NA,99,"2020-03-12T20:00:00Z",99,0,0,35,1,36
"761",20200312,"WA",337,3037,NA,NA,29,3403,"2020-03-12T20:00:00Z",3374,5,0,862,70,932
"762",20200312,"WI",8,84,NA,NA,NA,92,"2020-03-12T20:00:00Z",92,0,0,41,5,46
"763",20200312,"WV",0,7,1,NA,NA,8,"2020-03-12T20:00:00Z",7,0,0,4,0,4
"764",20200312,"WY",1,NA,NA,NA,NA,1,"2020-03-12T20:00:00Z",1,0,0,0,1,1
"765",20200311,"AK",0,46,14,NA,NA,60,"2020-03-11T20:00:00Z",46,0,0,23,0,23
"766",20200311,"AL",0,10,NA,NA,NA,10,"2020-03-11T20:00:00Z",10,0,0,10,0,10
"767",20200311,"AR",0,12,14,NA,NA,26,"2020-03-11T20:00:00Z",12,0,0,0,0,0
"768",20200311,"AZ",9,59,32,NA,NA,100,"2020-03-11T20:00:00Z",68,0,0,8,3,11
"769",20200311,"CA",157,916,NA,NA,NA,1073,"2020-03-11T20:00:00Z",1073,0,0,226,24,250
"770",20200311,"CO",28,251,NA,NA,NA,279,"2020-03-11T20:00:00Z",279,0,0,109,16,125
"771",20200311,"CT",3,71,NA,NA,NA,74,"2020-03-11T20:00:00Z",74,0,0,17,1,18
"772",20200311,"DC",4,20,15,NA,NA,39,"2020-03-11T20:00:00Z",24,0,0,3,-1,2
"773",20200311,"DE",1,17,2,NA,NA,20,"2020-03-11T20:00:00Z",18,0,0,0,1,1
"774",20200311,"FL",28,301,147,NA,2,476,"2020-03-11T20:00:00Z",329,2,0,79,9,88
"775",20200311,"GA",22,NA,NA,NA,NA,22,"2020-03-11T20:00:00Z",22,0,0,0,5,5
"776",20200311,"HI",2,NA,NA,NA,NA,2,"2020-03-11T20:00:00Z",2,0,0,0,0,0
"777",20200311,"IA",13,46,27,NA,NA,86,"2020-03-11T20:00:00Z",59,0,0,14,5,19
"778",20200311,"ID",0,67,NA,NA,NA,67,"2020-03-11T20:00:00Z",67,0,0,26,0,26
"779",20200311,"IL",19,244,63,NA,NA,326,"2020-03-11T20:00:00Z",263,0,0,0,0,0
"780",20200311,"IN",10,33,NA,NA,NA,43,"2020-03-11T20:00:00Z",43,0,0,3,4,7
"781",20200311,"KS",1,41,NA,NA,NA,42,"2020-03-11T20:00:00Z",42,0,0,24,0,24
"782",20200311,"KY",8,46,NA,NA,NA,54,"2020-03-11T20:00:00Z",54,0,0,18,2,20
"783",20200311,"LA",6,37,NA,NA,NA,43,"2020-03-11T20:00:00Z",43,0,0,26,5,31
"784",20200311,"MA",92,NA,NA,NA,NA,92,"2020-03-11T20:00:00Z",92,0,0,0,0,0
"785",20200311,"MD",9,94,NA,NA,NA,103,"2020-03-11T20:00:00Z",103,0,0,5,3,8
"786",20200311,"ME",0,42,5,NA,NA,47,"2020-03-11T20:00:00Z",42,0,0,22,0,22
"787",20200311,"MI",2,57,18,NA,NA,77,"2020-03-11T20:00:00Z",59,0,0,18,2,20
"788",20200311,"MN",5,217,NA,NA,NA,222,"2020-03-11T20:00:00Z",222,0,0,85,2,87
"789",20200311,"MO",1,NA,NA,NA,NA,1,"2020-03-11T20:00:00Z",1,0,0,0,0,0
"790",20200311,"MS",0,20,NA,NA,NA,20,"2020-03-11T20:00:00Z",20,0,0,20,0,20
"791",20200311,"MT",0,21,NA,NA,NA,21,"2020-03-11T20:00:00Z",21,0,0,6,0,6
"792",20200311,"NC",7,NA,NA,NA,NA,7,"2020-03-11T20:00:00Z",7,0,0,0,0,0
"793",20200311,"ND",0,7,6,NA,NA,13,"2020-03-11T20:00:00Z",7,0,0,1,0,1
"794",20200311,"NE",5,47,16,NA,NA,68,"2020-03-11T20:00:00Z",52,0,0,0,2,2
"795",20200311,"NH",4,38,5,NA,NA,47,"2020-03-11T20:00:00Z",42,0,0,0,0,0
"796",20200311,"NJ",24,57,20,NA,1,100,"2020-03-11T20:00:00Z",81,1,0,13,9,22
"797",20200311,"NM",3,87,NA,NA,NA,90,"2020-03-11T20:00:00Z",90,0,0,18,3,21
"798",20200311,"NV",5,168,NA,NA,NA,173,"2020-03-11T20:00:00Z",173,0,0,154,5,159
"799",20200311,"NY",216,92,NA,NA,NA,308,"2020-03-11T20:00:00Z",308,0,0,0,43,43
"800",20200311,"OH",4,21,24,NA,NA,49,"2020-03-11T20:00:00Z",25,0,0,7,1,8
"801",20200311,"OK",2,15,11,NA,NA,28,"2020-03-11T20:00:00Z",17,0,0,0,0,0
"802",20200311,"OR",19,286,62,NA,NA,367,"2020-03-11T20:00:00Z",305,0,0,73,4,77
"803",20200311,"PA",15,88,54,NA,NA,157,"2020-03-11T20:00:00Z",103,0,0,88,3,91
"804",20200311,"RI",5,58,24,NA,NA,87,"2020-03-11T20:00:00Z",63,0,0,5,2,7
"805",20200311,"SC",9,32,NA,NA,NA,41,"2020-03-11T20:00:00Z",41,0,0,8,2,10
"806",20200311,"SD",5,13,2,NA,NA,20,"2020-03-11T20:00:00Z",18,0,0,2,5,7
"807",20200311,"TN",7,50,NA,NA,NA,57,"2020-03-11T20:00:00Z",57,0,0,50,0,50
"808",20200311,"TX",21,NA,NA,NA,NA,21,"2020-03-11T20:00:00Z",21,0,0,0,8,8
"809",20200311,"UT",2,NA,NA,NA,NA,2,"2020-03-11T20:00:00Z",2,0,0,0,0,0
"810",20200311,"VA",9,60,NA,NA,NA,69,"2020-03-11T20:00:00Z",69,0,0,7,1,8
"811",20200311,"VT",1,62,NA,NA,NA,63,"2020-03-11T20:00:00Z",63,0,0,22,0,22
"812",20200311,"WA",267,2175,NA,NA,24,2466,"2020-03-11T20:00:00Z",2442,24,0,1065,105,1170
"813",20200311,"WI",3,43,NA,NA,NA,46,"2020-03-11T20:00:00Z",46,0,0,7,1,8
"814",20200311,"WV",0,3,2,NA,NA,5,"2020-03-11T20:00:00Z",3,0,0,1,0,1
"815",20200311,"WY",0,NA,NA,NA,NA,0,"2020-03-11T20:00:00Z",0,0,0,0,0,0
"816",20200310,"AK",0,23,9,NA,NA,32,"2020-03-10T20:00:00Z",23,0,0,0,0,0
"817",20200310,"AL",0,0,0,NA,NA,0,"2020-03-10T20:00:00Z",0,0,0,0,0,0
"818",20200310,"AR",0,12,3,NA,NA,15,"2020-03-10T20:00:00Z",12,0,0,0,0,0
"819",20200310,"AZ",6,51,27,NA,NA,84,"2020-03-10T20:00:00Z",57,0,0,7,1,8
"820",20200310,"CA",133,690,NA,NA,NA,823,"2020-03-10T20:00:00Z",823,0,0,0,19,19
"821",20200310,"CO",12,142,1,NA,NA,155,"2020-03-10T20:00:00Z",154,0,0,9,3,12
"822",20200310,"CT",2,54,NA,NA,NA,56,"2020-03-10T20:00:00Z",56,0,0,8,1,9
"823",20200310,"DC",5,17,2,NA,NA,24,"2020-03-10T20:00:00Z",22,0,0,3,4,7
"824",20200310,"DE",0,17,3,NA,NA,20,"2020-03-10T20:00:00Z",17,0,0,2,0,2
"825",20200310,"FL",19,222,155,NA,NA,396,"2020-03-10T20:00:00Z",241,0,0,82,1,83
"826",20200310,"GA",17,NA,NA,NA,NA,17,"2020-03-10T20:00:00Z",17,0,0,0,5,5
"827",20200310,"HI",2,NA,NA,NA,NA,2,"2020-03-10T20:00:00Z",2,0,0,0,0,0
"828",20200310,"IA",8,32,11,NA,NA,51,"2020-03-10T20:00:00Z",40,0,0,6,5,11
"829",20200310,"ID",0,41,NA,NA,NA,41,"2020-03-10T20:00:00Z",41,0,0,0,0,0
"830",20200310,"IL",19,244,63,NA,NA,326,"2020-03-10T20:00:00Z",263,0,0,53,12,65
"831",20200310,"IN",6,30,NA,NA,NA,36,"2020-03-10T20:00:00Z",36,0,0,30,4,34
"832",20200310,"KS",1,17,21,NA,NA,39,"2020-03-10T20:00:00Z",18,0,0,6,0,6
"833",20200310,"KY",6,28,NA,NA,NA,34,"2020-03-10T20:00:00Z",34,0,0,11,2,13
"834",20200310,"LA",1,11,NA,NA,NA,12,"2020-03-10T20:00:00Z",12,0,0,6,0,6
"835",20200310,"MA",92,NA,NA,NA,NA,92,"2020-03-10T20:00:00Z",92,0,0,0,51,51
"836",20200310,"MD",6,89,NA,NA,NA,95,"2020-03-10T20:00:00Z",95,0,0,16,1,17
"837",20200310,"ME",0,20,5,NA,NA,25,"2020-03-10T20:00:00Z",20,0,0,19,0,19
"838",20200310,"MI",0,39,24,NA,NA,63,"2020-03-10T20:00:00Z",39,0,0,3,0,3
"839",20200310,"MN",3,132,NA,NA,NA,135,"2020-03-10T20:00:00Z",135,0,0,52,1,53
"840",20200310,"MO",1,NA,NA,NA,NA,1,"2020-03-10T20:00:00Z",1,0,0,0,0,0
"841",20200310,"MS",0,NA,NA,NA,NA,0,"2020-03-10T20:00:00Z",0,0,0,0,0,0
"842",20200310,"MT",0,15,NA,NA,NA,15,"2020-03-10T20:00:00Z",15,0,0,4,0,4
"843",20200310,"NC",7,NA,NA,NA,NA,7,"2020-03-10T20:00:00Z",7,0,0,0,5,5
"844",20200310,"ND",0,6,2,NA,NA,8,"2020-03-10T20:00:00Z",6,0,0,6,0,6
"845",20200310,"NE",3,47,16,NA,NA,66,"2020-03-10T20:00:00Z",50,0,0,11,0,11
"846",20200310,"NH",4,38,5,NA,NA,47,"2020-03-10T20:00:00Z",42,0,0,0,0,0
"847",20200310,"NJ",15,44,20,NA,NA,79,"2020-03-10T20:00:00Z",59,0,0,9,4,13
"848",20200310,"NM",0,69,NA,NA,NA,69,"2020-03-10T20:00:00Z",69,0,0,12,0,12
"849",20200310,"NV",0,14,NA,NA,NA,14,"2020-03-10T20:00:00Z",14,0,0,0,0,-1
"850",20200310,"NY",173,92,NA,NA,NA,265,"2020-03-10T20:00:00Z",265,0,0,0,31,31
"851",20200310,"OH",3,14,15,NA,NA,32,"2020-03-10T20:00:00Z",17,0,0,3,0,3
"852",20200310,"OK",2,15,11,NA,NA,28,"2020-03-10T20:00:00Z",17,0,0,7,1,8
"853",20200310,"OR",15,213,67,NA,NA,295,"2020-03-10T20:00:00Z",228,0,0,48,1,49
"854",20200310,"PA",12,NA,NA,NA,NA,12,"2020-03-10T20:00:00Z",12,0,0,0,5,5
"855",20200310,"RI",3,53,6,NA,NA,62,"2020-03-10T20:00:00Z",56,0,0,0,0,0
"856",20200310,"SC",7,24,NA,NA,NA,31,"2020-03-10T20:00:00Z",31,0,0,0,0,0
"857",20200310,"SD",0,11,0,NA,NA,11,"2020-03-10T20:00:00Z",11,0,0,6,0,6
"858",20200310,"TN",7,NA,NA,NA,NA,7,"2020-03-10T20:00:00Z",7,0,0,0,4,4
"859",20200310,"TX",13,NA,NA,NA,NA,13,"2020-03-10T20:00:00Z",13,0,0,0,1,1
"860",20200310,"UT",2,NA,NA,NA,NA,2,"2020-03-10T20:00:00Z",2,0,0,0,1,1
"861",20200310,"VA",8,53,NA,NA,NA,61,"2020-03-10T20:00:00Z",61,0,0,15,5,20
"862",20200310,"VT",1,40,NA,NA,NA,41,"2020-03-10T20:00:00Z",41,0,0,6,0,6
"863",20200310,"WA",162,1110,NA,NA,NA,1272,"2020-03-10T20:00:00Z",1272,0,0,0,26,26
"864",20200310,"WI",2,36,NA,NA,NA,38,"2020-03-10T20:00:00Z",38,0,0,0,1,1
"865",20200310,"WV",0,2,3,NA,NA,5,"2020-03-10T20:00:00Z",2,0,0,0,0,0
"866",20200310,"WY",0,0,0,NA,NA,0,"2020-03-10T20:00:00Z",0,0,0,0,0,0
"867",20200309,"AK",0,23,9,NA,NA,32,"2020-03-09T20:00:00Z",23,0,0,9,0,9
"868",20200309,"AL",0,NA,NA,NA,NA,0,"2020-03-09T20:00:00Z",0,0,0,0,0,0
"869",20200309,"AR",0,12,0,NA,NA,12,"2020-03-09T20:00:00Z",12,0,0,6,0,6
"870",20200309,"AZ",5,44,7,NA,NA,56,"2020-03-09T20:00:00Z",49,0,0,0,0,0
"871",20200309,"CA",114,690,NA,NA,NA,804,"2020-03-09T20:00:00Z",804,0,0,228,26,254
"872",20200309,"CO",9,133,NA,NA,NA,142,"2020-03-09T20:00:00Z",142,0,0,29,1,30
"873",20200309,"CT",1,46,NA,NA,NA,47,"2020-03-09T20:00:00Z",47,0,0,17,0,17
"874",20200309,"DC",1,14,3,NA,NA,18,"2020-03-09T20:00:00Z",15,0,0,4,0,4
"875",20200309,"DE",0,15,3,NA,NA,18,"2020-03-09T20:00:00Z",15,0,0,5,0,5
"876",20200309,"FL",18,140,115,NA,NA,273,"2020-03-09T20:00:00Z",158,0,0,22,1,23
"877",20200309,"GA",12,NA,NA,NA,NA,12,"2020-03-09T20:00:00Z",12,0,0,0,5,5
"878",20200309,"HI",2,NA,NA,NA,NA,2,"2020-03-09T20:00:00Z",2,0,0,0,1,1
"879",20200309,"IA",3,26,8,NA,NA,37,"2020-03-09T20:00:00Z",29,0,0,11,3,14
"880",20200309,"ID",0,41,NA,NA,NA,41,"2020-03-09T20:00:00Z",41,0,0,14,0,14
"881",20200309,"IL",7,191,44,NA,NA,242,"2020-03-09T20:00:00Z",198,0,0,0,1,1
"882",20200309,"IN",2,NA,NA,NA,NA,2,"2020-03-09T20:00:00Z",2,0,0,0,0,0
"883",20200309,"KS",1,11,0,NA,NA,12,"2020-03-09T20:00:00Z",12,0,0,0,0,0
"884",20200309,"KY",4,17,NA,NA,NA,21,"2020-03-09T20:00:00Z",21,0,0,4,3,7
"885",20200309,"LA",1,5,NA,NA,NA,6,"2020-03-09T20:00:00Z",6,0,0,0,1,1
"886",20200309,"MA",41,NA,NA,NA,NA,41,"2020-03-09T20:00:00Z",41,0,0,0,28,28
"887",20200309,"MD",5,73,NA,NA,NA,78,"2020-03-09T20:00:00Z",78,0,0,21,2,23
"888",20200309,"ME",0,1,NA,NA,NA,1,"2020-03-09T20:00:00Z",1,0,0,0,0,0
"889",20200309,"MI",0,36,11,NA,NA,47,"2020-03-09T20:00:00Z",36,0,0,10,0,10
"890",20200309,"MN",2,80,NA,NA,NA,82,"2020-03-09T20:00:00Z",82,0,0,32,1,33
"891",20200309,"MO",1,NA,NA,NA,NA,1,"2020-03-09T20:00:00Z",1,0,0,0,0,0
"892",20200309,"MS",0,NA,NA,NA,NA,0,"2020-03-09T20:00:00Z",0,0,0,0,0,0
"893",20200309,"MT",0,11,0,NA,NA,11,"2020-03-09T20:00:00Z",11,0,0,0,0,0
"894",20200309,"NC",2,NA,NA,NA,NA,2,"2020-03-09T20:00:00Z",2,0,0,0,0,0
"895",20200309,"ND",0,0,NA,NA,NA,0,"2020-03-09T20:00:00Z",0,0,0,0,0,0
"896",20200309,"NE",3,36,9,NA,NA,48,"2020-03-09T20:00:00Z",39,0,0,19,2,21
"897",20200309,"NH",4,38,5,NA,NA,47,"2020-03-09T20:00:00Z",42,0,0,0,0,0
"898",20200309,"NJ",11,35,14,NA,NA,60,"2020-03-09T20:00:00Z",46,0,0,4,5,9
"899",20200309,"NM",0,57,0,NA,NA,57,"2020-03-09T20:00:00Z",57,0,0,9,0,9
"900",20200309,"NV",1,14,NA,NA,NA,15,"2020-03-09T20:00:00Z",15,0,0,0,0,0
"901",20200309,"NY",142,92,NA,NA,NA,234,"2020-03-09T20:00:00Z",234,0,0,0,37,37
"902",20200309,"OH",3,11,5,NA,NA,19,"2020-03-09T20:00:00Z",14,0,0,1,3,4
"903",20200309,"OK",1,8,10,NA,NA,19,"2020-03-09T20:00:00Z",9,0,0,0,0,0
"904",20200309,"OR",14,165,52,NA,NA,231,"2020-03-09T20:00:00Z",179,0,0,65,0,65
"905",20200309,"PA",7,NA,NA,NA,NA,7,"2020-03-09T20:00:00Z",7,0,0,0,3,3
"906",20200309,"RI",3,53,6,NA,NA,62,"2020-03-09T20:00:00Z",56,0,0,23,0,23
"907",20200309,"SC",7,24,NA,NA,NA,31,"2020-03-09T20:00:00Z",31,0,0,16,5,21
"908",20200309,"SD",0,5,0,NA,NA,5,"2020-03-09T20:00:00Z",5,0,0,0,0,0
"909",20200309,"TN",3,NA,NA,NA,NA,3,"2020-03-09T20:00:00Z",3,0,0,0,0,0
"910",20200309,"TX",12,NA,NA,NA,NA,12,"2020-03-09T20:00:00Z",12,0,0,0,4,4
"911",20200309,"UT",1,NA,NA,NA,NA,1,"2020-03-09T20:00:00Z",1,0,0,0,0,0
"912",20200309,"VA",3,38,9,NA,NA,50,"2020-03-09T20:00:00Z",41,0,0,2,1,3
"913",20200309,"VT",1,34,NA,NA,NA,35,"2020-03-09T20:00:00Z",35,0,0,6,0,6
"914",20200309,"WA",136,1110,NA,NA,NA,1246,"2020-03-09T20:00:00Z",1246,0,0,470,34,504
"915",20200309,"WI",1,36,NA,NA,NA,37,"2020-03-09T20:00:00Z",37,0,0,5,0,5
"916",20200309,"WV",0,2,3,NA,NA,5,"2020-03-09T20:00:00Z",2,0,0,0,0,0
"917",20200309,"WY",0,NA,NA,NA,NA,0,"2020-03-09T20:00:00Z",0,0,0,0,0,0
"918",20200308,"AK",0,14,6,NA,NA,20,"2020-03-08T20:00:00Z",14,0,0,2,0,2
"919",20200308,"AL",0,NA,NA,NA,NA,0,"2020-03-08T20:00:00Z",0,0,0,0,0,0
"920",20200308,"AR",0,6,0,NA,NA,6,"2020-03-08T20:00:00Z",6,0,0,0,0,0
"921",20200308,"AZ",5,44,7,NA,NA,56,"2020-03-08T20:00:00Z",49,0,0,0,0,0
"922",20200308,"CA",88,462,NA,NA,NA,550,"2020-03-08T20:00:00Z",550,0,0,0,19,19
"923",20200308,"CO",8,104,NA,NA,NA,112,"2020-03-08T20:00:00Z",112,0,0,49,0,49
"924",20200308,"CT",1,29,8,NA,NA,38,"2020-03-08T20:00:00Z",30,0,0,29,1,30
"925",20200308,"DC",1,10,0,NA,NA,11,"2020-03-08T20:00:00Z",11,0,0,2,1,3
"926",20200308,"DE",0,10,0,NA,NA,10,"2020-03-08T20:00:00Z",10,0,0,0,0,0
"927",20200308,"FL",17,118,108,NA,NA,243,"2020-03-08T20:00:00Z",135,0,0,18,3,21
"928",20200308,"GA",7,NA,NA,NA,NA,7,"2020-03-08T20:00:00Z",7,0,0,0,1,1
"929",20200308,"HI",1,NA,NA,NA,NA,1,"2020-03-08T20:00:00Z",1,0,0,0,0,0
"930",20200308,"IA",0,15,2,NA,NA,17,"2020-03-08T20:00:00Z",15,0,0,0,0,0
"931",20200308,"ID",0,27,NA,NA,NA,27,"2020-03-08T20:00:00Z",27,0,0,0,0,0
"932",20200308,"IL",6,191,44,NA,NA,241,"2020-03-08T20:00:00Z",197,0,0,0,0,0
"933",20200308,"IN",2,NA,NA,NA,NA,2,"2020-03-08T20:00:00Z",2,0,0,0,1,1
"934",20200308,"KS",1,11,0,NA,NA,12,"2020-03-08T20:00:00Z",12,0,0,0,1,1
"935",20200308,"KY",1,13,NA,NA,NA,14,"2020-03-08T20:00:00Z",14,0,0,4,0,4
"936",20200308,"LA",0,5,NA,NA,NA,5,"2020-03-08T20:00:00Z",5,0,0,5,0,5
"937",20200308,"MA",13,NA,NA,NA,NA,13,"2020-03-08T20:00:00Z",13,0,0,0,0,0
"938",20200308,"MD",3,52,NA,NA,NA,55,"2020-03-08T20:00:00Z",55,0,0,11,0,11
"939",20200308,"ME",0,1,NA,NA,NA,1,"2020-03-08T20:00:00Z",1,0,0,0,0,0
"940",20200308,"MI",0,26,10,NA,NA,36,"2020-03-08T20:00:00Z",26,0,0,8,0,8
"941",20200308,"MN",1,48,NA,NA,NA,49,"2020-03-08T20:00:00Z",49,0,0,0,0,0
"942",20200308,"MO",1,NA,NA,NA,NA,1,"2020-03-08T20:00:00Z",1,0,0,0,1,1
"943",20200308,"MS",0,NA,NA,NA,NA,0,"2020-03-08T20:00:00Z",0,0,0,0,0,0
"944",20200308,"MT",0,11,NA,NA,NA,11,"2020-03-08T20:00:00Z",11,0,0,0,0,0
"945",20200308,"NC",2,NA,NA,NA,NA,2,"2020-03-08T20:00:00Z",2,0,0,0,0,0
"946",20200308,"ND",0,0,NA,NA,NA,0,"2020-03-08T20:00:00Z",0,0,0,0,0,0
"947",20200308,"NE",1,17,5,NA,NA,23,"2020-03-08T20:00:00Z",18,0,0,0,0,0
"948",20200308,"NH",4,38,5,NA,NA,47,"2020-03-08T20:00:00Z",42,0,0,18,2,20
"949",20200308,"NJ",6,31,0,NA,NA,37,"2020-03-08T20:00:00Z",37,0,0,31,2,33
"950",20200308,"NM",0,48,0,NA,NA,48,"2020-03-08T20:00:00Z",48,0,0,0,0,0
"951",20200308,"NV",1,14,NA,NA,NA,15,"2020-03-08T20:00:00Z",15,0,0,0,0,0
"952",20200308,"NY",105,92,NA,NA,NA,197,"2020-03-08T20:00:00Z",197,0,0,0,29,29
"953",20200308,"OH",0,10,4,NA,NA,14,"2020-03-08T20:00:00Z",10,0,0,1,0,1
"954",20200308,"OK",1,8,2,NA,NA,11,"2020-03-08T20:00:00Z",9,0,0,8,0,8
"955",20200308,"OR",14,100,53,NA,NA,167,"2020-03-08T20:00:00Z",114,0,0,23,7,30
"956",20200308,"PA",4,NA,NA,NA,NA,4,"2020-03-08T20:00:00Z",4,0,0,0,2,2
"957",20200308,"RI",3,30,12,NA,NA,45,"2020-03-08T20:00:00Z",33,0,0,30,1,31
"958",20200308,"SC",2,8,NA,NA,NA,10,"2020-03-08T20:00:00Z",10,0,0,0,0,0
"959",20200308,"SD",0,5,0,NA,NA,5,"2020-03-08T20:00:00Z",5,0,0,0,0,0
"960",20200308,"TN",3,NA,NA,NA,NA,3,"2020-03-08T20:00:00Z",3,0,0,0,2,2
"961",20200308,"TX",8,NA,NA,NA,NA,8,"2020-03-08T20:00:00Z",8,0,0,0,0,0
"962",20200308,"UT",1,NA,NA,NA,NA,1,"2020-03-08T20:00:00Z",1,0,0,0,0,0
"963",20200308,"VA",2,36,6,NA,NA,44,"2020-03-08T20:00:00Z",38,0,0,5,2,7
"964",20200308,"VT",1,28,NA,NA,NA,29,"2020-03-08T20:00:00Z",29,0,0,12,1,13
"965",20200308,"WA",102,640,60,NA,NA,802,"2020-03-08T20:00:00Z",742,0,0,270,0,270
"966",20200308,"WI",1,31,12,NA,NA,44,"2020-03-08T20:00:00Z",32,0,0,0,0,0
"967",20200308,"WV",0,2,3,NA,NA,5,"2020-03-08T20:00:00Z",2,0,0,0,0,0
"968",20200308,"WY",0,NA,NA,NA,NA,0,"2020-03-08T20:00:00Z",0,0,0,0,0,0
"969",20200307,"AK",0,12,2,NA,NA,14,"2020-03-07T21:00:00Z",12,0,0,4,0,4
"970",20200307,"AL",0,NA,NA,NA,NA,0,"2020-03-07T21:00:00Z",0,NA,NA,NA,NA,NA
"971",20200307,"AR",0,6,0,NA,NA,6,"2020-03-07T21:00:00Z",6,0,0,0,0,0
"972",20200307,"AZ",5,44,7,NA,NA,56,"2020-03-07T21:00:00Z",49,0,0,11,2,13
"973",20200307,"CA",69,462,NA,NA,NA,531,"2020-03-07T21:00:00Z",531,0,0,0,9,9
"974",20200307,"CO",8,55,69,NA,NA,132,"2020-03-07T21:00:00Z",63,0,0,9,6,15
"975",20200307,"CT",0,NA,NA,NA,NA,0,"2020-03-07T21:00:00Z",0,NA,NA,NA,NA,NA
"976",20200307,"DC",0,8,1,NA,NA,9,"2020-03-07T21:00:00Z",8,0,0,0,0,0
"977",20200307,"DE",0,10,0,NA,NA,10,"2020-03-07T21:00:00Z",10,0,0,0,0,0
"978",20200307,"FL",14,100,88,NA,NA,202,"2020-03-07T21:00:00Z",114,0,0,45,5,50
"979",20200307,"GA",6,NA,NA,NA,NA,6,"2020-03-07T21:00:00Z",6,0,0,0,4,4
"980",20200307,"HI",1,NA,NA,NA,NA,1,"2020-03-07T21:00:00Z",1,NA,NA,NA,NA,NA
"981",20200307,"IA",0,15,2,NA,NA,17,"2020-03-07T21:00:00Z",15,0,0,0,0,0
"982",20200307,"ID",0,27,NA,NA,NA,27,"2020-03-07T21:00:00Z",27,NA,NA,NA,NA,NA
"983",20200307,"IL",6,191,44,NA,NA,241,"2020-03-07T21:00:00Z",197,0,0,11,1,12
"984",20200307,"IN",1,NA,NA,NA,NA,1,"2020-03-07T21:00:00Z",1,0,0,0,0,0
"985",20200307,"KS",0,11,2,NA,NA,13,"2020-03-07T21:00:00Z",11,0,0,7,0,7
"986",20200307,"KY",1,9,NA,NA,NA,10,"2020-03-07T21:00:00Z",10,0,0,2,1,3
"987",20200307,"LA",0,NA,NA,NA,NA,0,"2020-03-07T21:00:00Z",0,NA,NA,NA,NA,NA
"988",20200307,"MA",13,NA,NA,NA,NA,13,"2020-03-07T21:00:00Z",13,0,0,0,5,5
"989",20200307,"MD",3,41,NA,NA,NA,44,"2020-03-07T21:00:00Z",44,0,0,15,0,15
"990",20200307,"ME",0,1,NA,NA,NA,1,"2020-03-07T21:00:00Z",1,NA,NA,NA,NA,NA
"991",20200307,"MI",0,18,9,NA,NA,27,"2020-03-07T21:00:00Z",18,0,0,10,0,10
"992",20200307,"MN",1,48,NA,NA,NA,49,"2020-03-07T21:00:00Z",49,0,0,12,1,13
"993",20200307,"MO",0,NA,NA,NA,NA,0,"2020-03-07T21:00:00Z",0,NA,NA,NA,NA,NA
"994",20200307,"MS",0,NA,NA,NA,NA,0,"2020-03-07T21:00:00Z",0,NA,NA,NA,NA,NA
"995",20200307,"MT",0,11,NA,NA,NA,11,"2020-03-07T21:00:00Z",11,NA,NA,NA,NA,NA
"996",20200307,"NC",2,NA,NA,NA,NA,2,"2020-03-07T21:00:00Z",2,0,0,0,0,0
"997",20200307,"ND",0,0,NA,NA,NA,0,"2020-03-07T21:00:00Z",0,NA,NA,NA,NA,NA
"998",20200307,"NE",1,17,5,NA,NA,23,"2020-03-07T21:00:00Z",18,0,0,0,1,1
"999",20200307,"NH",2,20,3,NA,NA,25,"2020-03-07T21:00:00Z",22,0,0,0,0,0
"1000",20200307,"NJ",4,NA,1,NA,NA,5,"2020-03-07T21:00:00Z",4,0,0,0,3,3
"1001",20200307,"NM",0,48,0,NA,NA,48,"2020-03-07T21:00:00Z",48,0,0,32,0,32
"1002",20200307,"NV",1,14,NA,NA,NA,15,"2020-03-07T21:00:00Z",15,0,0,0,0,0
"1003",20200307,"NY",76,92,236,NA,NA,404,"2020-03-07T21:00:00Z",168,0,0,0,43,43
"1004",20200307,"OH",0,9,5,NA,NA,14,"2020-03-07T21:00:00Z",9,0,0,1,0,1
"1005",20200307,"OK",1,NA,NA,NA,NA,1,"2020-03-07T21:00:00Z",1,NA,NA,NA,NA,NA
"1006",20200307,"OR",7,77,40,NA,NA,124,"2020-03-07T21:00:00Z",84,0,0,13,4,17
"1007",20200307,"PA",2,NA,NA,NA,NA,2,"2020-03-07T21:00:00Z",2,0,0,0,0,0
"1008",20200307,"RI",2,NA,NA,NA,NA,2,"2020-03-07T21:00:00Z",2,NA,NA,NA,NA,NA
"1009",20200307,"SC",2,8,NA,NA,NA,10,"2020-03-07T21:00:00Z",10,0,0,3,2,5
"1010",20200307,"SD",0,5,0,NA,NA,5,"2020-03-07T21:00:00Z",5,NA,NA,NA,NA,NA
"1011",20200307,"TN",1,NA,NA,NA,NA,1,"2020-03-07T21:00:00Z",1,0,0,0,0,0
"1012",20200307,"TX",8,NA,NA,NA,NA,8,"2020-03-07T21:00:00Z",8,0,0,0,3,3
"1013",20200307,"UT",1,NA,NA,NA,NA,1,"2020-03-07T21:00:00Z",1,NA,NA,NA,NA,NA
"1014",20200307,"VA",0,31,7,NA,NA,38,"2020-03-07T21:00:00Z",31,0,0,10,0,10
"1015",20200307,"VT",0,16,NA,NA,NA,16,"2020-03-07T21:00:00Z",16,0,0,8,0,8
"1016",20200307,"WA",102,370,66,NA,NA,538,"2020-03-07T21:00:00Z",472,0,0,0,23,23
"1017",20200307,"WI",1,31,12,NA,NA,44,"2020-03-07T21:00:00Z",32,0,0,0,0,0
"1018",20200307,"WV",0,2,3,NA,NA,5,"2020-03-07T21:00:00Z",2,0,0,1,0,1
"1019",20200307,"WY",0,NA,NA,NA,NA,0,"2020-03-07T21:00:00Z",0,NA,NA,NA,NA,NA
"1020",20200306,"AK",0,8,1,NA,NA,9,"2020-03-06T21:00:00Z",8,NA,NA,NA,NA,NA
"1021",20200306,"AR",0,6,0,NA,NA,6,"2020-03-06T21:00:00Z",6,NA,NA,NA,NA,NA
"1022",20200306,"AZ",3,33,15,NA,NA,51,"2020-03-06T21:00:00Z",36,0,0,5,1,6
"1023",20200306,"CA",60,462,NA,NA,NA,522,"2020-03-06T21:00:00Z",522,0,0,0,7,7
"1024",20200306,"CO",2,46,30,NA,NA,78,"2020-03-06T21:00:00Z",48,0,0,27,2,29
"1025",20200306,"DC",0,8,1,NA,NA,9,"2020-03-06T21:00:00Z",8,0,0,2,0,2
"1026",20200306,"DE",0,10,0,NA,NA,10,"2020-03-06T21:00:00Z",10,NA,NA,NA,NA,NA
"1027",20200306,"FL",9,55,51,NA,NA,115,"2020-03-06T21:00:00Z",64,0,0,24,0,24
"1028",20200306,"GA",2,NA,NA,NA,NA,2,"2020-03-06T21:00:00Z",2,0,0,0,0,0
"1029",20200306,"IA",0,15,2,NA,NA,17,"2020-03-06T21:00:00Z",15,NA,NA,NA,NA,NA
"1030",20200306,"IL",5,180,35,NA,NA,220,"2020-03-06T21:00:00Z",185,0,0,15,0,15
"1031",20200306,"IN",1,NA,NA,NA,NA,1,"2020-03-06T21:00:00Z",1,NA,NA,NA,NA,NA
"1032",20200306,"KS",0,4,0,NA,NA,4,"2020-03-06T21:00:00Z",4,NA,NA,NA,NA,NA
"1033",20200306,"KY",0,7,3,NA,NA,10,"2020-03-06T21:00:00Z",7,NA,NA,NA,NA,NA
"1034",20200306,"MA",8,NA,NA,NA,NA,8,"2020-03-06T21:00:00Z",8,0,0,0,6,6
"1035",20200306,"MD",3,26,12,NA,NA,41,"2020-03-06T21:00:00Z",29,0,0,9,3,12
"1036",20200306,"MI",0,8,8,NA,NA,16,"2020-03-06T21:00:00Z",8,0,0,0,0,0
"1037",20200306,"MN",0,36,NA,NA,NA,36,"2020-03-06T21:00:00Z",36,NA,NA,NA,NA,NA
"1038",20200306,"NC",2,NA,NA,NA,NA,2,"2020-03-06T21:00:00Z",2,0,0,0,1,1
"1039",20200306,"NE",0,17,5,NA,NA,22,"2020-03-06T21:00:00Z",17,0,0,0,0,0
"1040",20200306,"NH",2,20,3,NA,NA,25,"2020-03-06T21:00:00Z",22,0,0,4,0,4
"1041",20200306,"NJ",1,NA,NA,NA,NA,1,"2020-03-06T21:00:00Z",1,0,0,0,0,0
"1042",20200306,"NM",0,16,0,NA,NA,16,"2020-03-06T21:00:00Z",16,NA,NA,NA,NA,NA
"1043",20200306,"NV",1,14,NA,NA,NA,15,"2020-03-06T21:00:00Z",15,0,0,0,0,0
"1044",20200306,"NY",33,92,236,NA,NA,361,"2020-03-06T21:00:00Z",125,0,0,16,11,27
"1045",20200306,"OH",0,8,2,NA,NA,10,"2020-03-06T21:00:00Z",8,0,0,1,0,1
"1046",20200306,"OR",3,64,28,NA,NA,95,"2020-03-06T21:00:00Z",67,0,0,19,0,19
"1047",20200306,"PA",2,NA,NA,NA,NA,2,"2020-03-06T21:00:00Z",2,NA,NA,NA,NA,NA
"1048",20200306,"SC",0,5,0,NA,NA,5,"2020-03-06T21:00:00Z",5,0,0,0,0,0
"1049",20200306,"TN",1,NA,NA,NA,NA,1,"2020-03-06T21:00:00Z",1,0,0,0,0,0
"1050",20200306,"TX",5,NA,NA,NA,NA,5,"2020-03-06T21:00:00Z",5,0,0,0,4,4
"1051",20200306,"VA",0,21,10,NA,NA,31,"2020-03-06T21:00:00Z",21,0,0,3,0,3
"1052",20200306,"VT",0,8,NA,NA,NA,8,"2020-03-06T21:00:00Z",8,NA,NA,NA,NA,NA
"1053",20200306,"WA",79,370,NA,NA,NA,449,"2020-03-06T21:00:00Z",449,0,0,370,9,379
"1054",20200306,"WI",1,31,12,NA,NA,44,"2020-03-06T21:00:00Z",32,0,0,12,0,12
"1055",20200306,"WV",0,1,4,NA,NA,5,"2020-03-06T21:00:00Z",1,NA,NA,NA,NA,NA
"1056",20200305,"AZ",2,28,6,NA,NA,36,"2020-03-05T21:00:00Z",30,0,0,1,0,1
"1057",20200305,"CA",53,462,NA,NA,NA,515,"2020-03-05T21:00:00Z",515,0,0,0,0,0
"1058",20200305,"CO",0,19,21,NA,NA,40,"2020-03-05T21:00:00Z",19,NA,NA,NA,NA,NA
"1059",20200305,"DC",0,6,2,NA,NA,8,"2020-03-05T21:00:00Z",6,NA,NA,NA,NA,NA
"1060",20200305,"FL",9,31,69,NA,NA,109,"2020-03-05T21:00:00Z",40,0,0,7,7,14
"1061",20200305,"GA",2,NA,NA,NA,NA,2,"2020-03-05T21:00:00Z",2,0,0,0,0,0
"1062",20200305,"IL",5,165,27,NA,NA,197,"2020-03-05T21:00:00Z",170,0,0,41,1,42
"1063",20200305,"MA",2,NA,NA,NA,NA,2,"2020-03-05T21:00:00Z",2,0,0,0,0,0
"1064",20200305,"MD",0,17,14,NA,NA,31,"2020-03-05T21:00:00Z",17,NA,NA,NA,NA,NA
"1065",20200305,"MI",0,8,0,NA,NA,8,"2020-03-05T21:00:00Z",8,NA,NA,NA,NA,NA
"1066",20200305,"NC",1,NA,NA,NA,NA,1,"2020-03-05T21:00:00Z",1,0,0,0,0,0
"1067",20200305,"NE",0,17,5,NA,NA,22,"2020-03-05T21:00:00Z",17,NA,NA,NA,NA,NA
"1068",20200305,"NH",2,16,4,NA,NA,22,"2020-03-05T21:00:00Z",18,0,0,6,0,6
"1069",20200305,"NJ",1,NA,NA,NA,NA,1,"2020-03-05T21:00:00Z",1,NA,NA,NA,NA,NA
"1070",20200305,"NV",1,14,NA,NA,NA,15,"2020-03-05T21:00:00Z",15,NA,NA,NA,NA,NA
"1071",20200305,"NY",22,76,24,NA,NA,122,"2020-03-05T21:00:00Z",98,0,0,28,16,44
"1072",20200305,"OH",0,7,3,NA,NA,10,"2020-03-05T21:00:00Z",7,NA,NA,NA,NA,NA
"1073",20200305,"OR",3,45,13,NA,NA,61,"2020-03-05T21:00:00Z",48,0,0,16,0,16
"1074",20200305,"SC",0,5,0,NA,NA,5,"2020-03-05T21:00:00Z",5,0,0,0,0,0
"1075",20200305,"TN",1,NA,NA,NA,NA,1,"2020-03-05T21:00:00Z",1,NA,NA,NA,NA,NA
"1076",20200305,"TX",1,NA,NA,NA,NA,1,"2020-03-05T21:00:00Z",1,0,0,0,0,0
"1077",20200305,"VA",0,18,3,NA,NA,21,"2020-03-05T21:00:00Z",18,NA,NA,NA,NA,NA
"1078",20200305,"WA",70,NA,NA,NA,NA,70,"2020-03-05T21:00:00Z",70,0,0,0,31,31
"1079",20200305,"WI",1,19,6,NA,NA,26,"2020-03-05T21:00:00Z",20,0,0,0,0,0
"1080",20200304,"AZ",2,27,5,NA,NA,34,"2020-03-04T21:00:00Z",29,NA,NA,NA,NA,NA
"1081",20200304,"CA",53,462,NA,NA,NA,515,"2020-03-04T21:00:00Z",515,NA,NA,NA,NA,NA
"1082",20200304,"FL",2,24,16,NA,NA,42,"2020-03-04T21:00:00Z",26,NA,NA,NA,NA,NA
"1083",20200304,"GA",2,NA,NA,NA,NA,2,"2020-03-04T21:00:00Z",2,NA,NA,NA,NA,NA
"1084",20200304,"IL",4,124,27,NA,NA,155,"2020-03-04T21:00:00Z",128,NA,NA,NA,NA,NA
"1085",20200304,"MA",2,NA,NA,NA,NA,2,"2020-03-04T21:00:00Z",2,NA,NA,NA,NA,NA
"1086",20200304,"NC",1,NA,NA,NA,NA,1,"2020-03-04T21:00:00Z",1,NA,NA,NA,NA,NA
"1087",20200304,"NH",2,10,7,NA,NA,19,"2020-03-04T21:00:00Z",12,NA,NA,NA,NA,NA
"1088",20200304,"NY",6,48,24,NA,NA,78,"2020-03-04T21:00:00Z",54,NA,NA,NA,NA,NA
"1089",20200304,"OR",3,29,18,NA,NA,50,"2020-03-04T21:00:00Z",32,NA,NA,NA,NA,NA
"1090",20200304,"SC",0,5,0,NA,NA,5,"2020-03-04T21:00:00Z",5,NA,NA,NA,NA,NA
"1091",20200304,"TX",1,NA,NA,NA,NA,1,"2020-03-04T21:00:00Z",1,NA,NA,NA,NA,NA
"1092",20200304,"WA",39,NA,NA,NA,NA,39,"2020-03-04T21:00:00Z",39,NA,NA,NA,NA,NA
"1093",20200304,"WI",1,19,6,NA,NA,26,"2020-03-04T21:00:00Z",20,NA,NA,NA,NA,NA
